Picture,DistortionType,DistortionValue,Filename,Method,Value
Degus,Blur,0.0,Degus_blur_0.bmp,LPIPS,0.0
Degus,Blur,0.0,Degus_blur_0.bmp,SSIM,1.0
Degus,Blur,0.0,Degus_blur_0.bmp,PSNR,inf
Degus,Blur,1.0,Degus_blur_1.png,LPIPS,0.0008870666497386992
Degus,Blur,1.0,Degus_blur_1.png,SSIM,0.8976294034994378
Degus,Blur,1.0,Degus_blur_1.png,PSNR,31.593430904019492
Degus,Blur,10.0,Degus_blur_10.png,LPIPS,0.3655588626861572
Degus,Blur,10.0,Degus_blur_10.png,SSIM,0.47813042066373335
Degus,Blur,10.0,Degus_blur_10.png,PSNR,22.35733289601708
Degus,Blur,100.0,Degus_blur_100.png,LPIPS,0.7914465665817261
Degus,Blur,100.0,Degus_blur_100.png,SSIM,0.43139336468306805
Degus,Blur,100.0,Degus_blur_100.png,PSNR,19.53934635995993
Degus,Blur,100.0,Degus_blur_100_0.png,LPIPS,0.7914465665817261
Degus,Blur,100.0,Degus_blur_100_0.png,SSIM,0.43139336468306805
Degus,Blur,100.0,Degus_blur_100_0.png,PSNR,19.53934635995993
Degus,Blur,10.0,Degus_blur_10_0.png,LPIPS,0.3655588626861572
Degus,Blur,10.0,Degus_blur_10_0.png,SSIM,0.47813042066373335
Degus,Blur,10.0,Degus_blur_10_0.png,PSNR,22.35733289601708
Degus,Blur,15.0,Degus_blur_15.png,LPIPS,0.4629708230495453
Degus,Blur,15.0,Degus_blur_15.png,SSIM,0.4678212525937829
Degus,Blur,15.0,Degus_blur_15.png,PSNR,21.98607936928784
Degus,Blur,1.0,Degus_blur_1_0.png,LPIPS,0.0008870666497386992
Degus,Blur,1.0,Degus_blur_1_0.png,SSIM,0.8976294034994378
Degus,Blur,1.0,Degus_blur_1_0.png,PSNR,31.593430904019492
Degus,Blur,2.0,Degus_blur_2.png,LPIPS,0.011516529135406017
Degus,Blur,2.0,Degus_blur_2.png,SSIM,0.7464330110919467
Degus,Blur,2.0,Degus_blur_2.png,PSNR,26.939387811778527
Degus,Blur,20.0,Degus_blur_20.png,LPIPS,0.5151141881942749
Degus,Blur,20.0,Degus_blur_20.png,SSIM,0.4623616737454433
Degus,Blur,20.0,Degus_blur_20.png,PSNR,21.71891997480927
Degus,Blur,2.0,Degus_blur_2_0.png,LPIPS,0.011516529135406017
Degus,Blur,2.0,Degus_blur_2_0.png,SSIM,0.7464330110919467
Degus,Blur,2.0,Degus_blur_2_0.png,PSNR,26.939387811778527
Degus,Blur,30.0,Degus_blur_30.png,LPIPS,0.6037294268608093
Degus,Blur,30.0,Degus_blur_30.png,SSIM,0.45420223753141115
Degus,Blur,30.0,Degus_blur_30.png,PSNR,21.280077253577076
Degus,Blur,40.0,Degus_blur_40.png,LPIPS,0.6681780815124512
Degus,Blur,40.0,Degus_blur_40.png,SSIM,0.4483622560651182
Degus,Blur,40.0,Degus_blur_40.png,PSNR,20.924390615388543
Degus,Blur,5.0,Degus_blur_5.png,LPIPS,0.16062688827514648
Degus,Blur,5.0,Degus_blur_5.png,SSIM,0.5242232111680821
Degus,Blur,5.0,Degus_blur_5.png,PSNR,23.31787770978483
Degus,Blur,50.0,Degus_blur_50.png,LPIPS,0.7115867137908936
Degus,Blur,50.0,Degus_blur_50.png,SSIM,0.4441751698128223
Degus,Blur,50.0,Degus_blur_50.png,PSNR,20.624689076654114
Degus,Blur,5.0,Degus_blur_5_0.png,LPIPS,0.16062688827514648
Degus,Blur,5.0,Degus_blur_5_0.png,SSIM,0.5242232111680821
Degus,Blur,5.0,Degus_blur_5_0.png,PSNR,23.31787770978483
Degus,Blur,60.0,Degus_blur_60.png,LPIPS,0.736283540725708
Degus,Blur,60.0,Degus_blur_60.png,SSIM,0.44087778921225224
Degus,Blur,60.0,Degus_blur_60.png,PSNR,20.365470110411277
Degus,Blur,70.0,Degus_blur_70.png,LPIPS,0.752838134765625
Degus,Blur,70.0,Degus_blur_70.png,SSIM,0.43801040134557373
Degus,Blur,70.0,Degus_blur_70.png,PSNR,20.129379624932795
Degus,Blur,80.0,Degus_blur_80.png,LPIPS,0.7672151923179626
Degus,Blur,80.0,Degus_blur_80.png,SSIM,0.4354884215955243
Degus,Blur,80.0,Degus_blur_80.png,PSNR,19.916008754417177
Degus,Blur,90.0,Degus_blur_90.png,LPIPS,0.7800548672676086
Degus,Blur,90.0,Degus_blur_90.png,SSIM,0.43334607577514456
Degus,Blur,90.0,Degus_blur_90.png,PSNR,19.721106362580414
Degus,Brightness,0.0,Degus_brightness_0.bmp,LPIPS,0.0
Degus,Brightness,0.0,Degus_brightness_0.bmp,SSIM,1.0
Degus,Brightness,0.0,Degus_brightness_0.bmp,PSNR,inf
Degus,Brightness,1.0,Degus_brightness_1.png,LPIPS,0.0
Degus,Brightness,1.0,Degus_brightness_1.png,SSIM,1.0
Degus,Brightness,1.0,Degus_brightness_1.png,PSNR,inf
Degus,Brightness,10.0,Degus_brightness_10.png,LPIPS,0.6850706338882446
Degus,Brightness,10.0,Degus_brightness_10.png,SSIM,0.2823318503251994
Degus,Brightness,10.0,Degus_brightness_10.png,PSNR,4.135982666056336
Degus,Brightness,12.0,Degus_brightness_12.png,LPIPS,0.7108626961708069
Degus,Brightness,12.0,Degus_brightness_12.png,SSIM,0.2763575614430043
Degus,Brightness,12.0,Degus_brightness_12.png,PSNR,3.9691258874401214
Degus,Brightness,14.0,Degus_brightness_14.png,LPIPS,0.7302203178405762
Degus,Brightness,14.0,Degus_brightness_14.png,SSIM,0.27273151049260275
Degus,Brightness,14.0,Degus_brightness_14.png,PSNR,3.8517566235935323
Degus,Brightness,16.0,Degus_brightness_16.png,LPIPS,0.7452226877212524
Degus,Brightness,16.0,Degus_brightness_16.png,SSIM,0.27030579947028094
Degus,Brightness,16.0,Degus_brightness_16.png,PSNR,3.7637992543285526
Degus,Brightness,18.0,Degus_brightness_18.png,LPIPS,0.7577968835830688
Degus,Brightness,18.0,Degus_brightness_18.png,SSIM,0.26868695800450904
Degus,Brightness,18.0,Degus_brightness_18.png,PSNR,3.69622679403043
Degus,Brightness,2.0,Degus_brightness_2.png,LPIPS,0.21043479442596436
Degus,Brightness,2.0,Degus_brightness_2.png,SSIM,0.6963295589545009
Degus,Brightness,2.0,Degus_brightness_2.png,PSNR,10.894464899830984
Degus,Brightness,20.0,Degus_brightness_20.png,LPIPS,0.7680904865264893
Degus,Brightness,20.0,Degus_brightness_20.png,SSIM,0.26750942435925856
Degus,Brightness,20.0,Degus_brightness_20.png,PSNR,3.642272031020814
Degus,Brightness,3.0,Degus_brightness_3.png,LPIPS,0.31715404987335205
Degus,Brightness,3.0,Degus_brightness_3.png,SSIM,0.48154795913285353
Degus,Brightness,3.0,Degus_brightness_3.png,PSNR,7.93860504122571
Degus,Brightness,4.0,Degus_brightness_4.png,LPIPS,0.43859922885894775
Degus,Brightness,4.0,Degus_brightness_4.png,SSIM,0.3802295385105287
Degus,Brightness,4.0,Degus_brightness_4.png,PSNR,6.366763278293382
Degus,Brightness,5.0,Degus_brightness_5.png,LPIPS,0.5418863296508789
Degus,Brightness,5.0,Degus_brightness_5.png,SSIM,0.3330511750078436
Degus,Brightness,5.0,Degus_brightness_5.png,PSNR,5.354280346004669
Degus,Brightness,6.0,Degus_brightness_6.png,LPIPS,0.5908190011978149
Degus,Brightness,6.0,Degus_brightness_6.png,SSIM,0.31565996679823755
Degus,Brightness,6.0,Degus_brightness_6.png,PSNR,4.862183593726012
Degus,Brightness,7.0,Degus_brightness_7.png,LPIPS,0.623190701007843
Degus,Brightness,7.0,Degus_brightness_7.png,SSIM,0.3022012629613883
Degus,Brightness,7.0,Degus_brightness_7.png,PSNR,4.587705499301619
Degus,Brightness,8.0,Degus_brightness_8.png,LPIPS,0.6479414105415344
Degus,Brightness,8.0,Degus_brightness_8.png,SSIM,0.29306547551055157
Degus,Brightness,8.0,Degus_brightness_8.png,PSNR,4.394649944673493
Degus,Brightness,9.0,Degus_brightness_9.png,LPIPS,0.668113648891449
Degus,Brightness,9.0,Degus_brightness_9.png,SSIM,0.2868446318056164
Degus,Brightness,9.0,Degus_brightness_9.png,PSNR,4.249567023363095
Degus,Circularblur,0.0,Degus_circularBlur_0.bmp,LPIPS,0.0
Degus,Circularblur,0.0,Degus_circularBlur_0.bmp,SSIM,1.0
Degus,Circularblur,0.0,Degus_circularBlur_0.bmp,PSNR,inf
Degus,Circularblur,11.0,Degus_circularBlur_11.png,LPIPS,0.23100748658180237
Degus,Circularblur,11.0,Degus_circularBlur_11.png,SSIM,0.4837345291606466
Degus,Circularblur,11.0,Degus_circularBlur_11.png,PSNR,22.64637008637319
Degus,Circularblur,13.0,Degus_circularBlur_13.png,LPIPS,0.2737860679626465
Degus,Circularblur,13.0,Degus_circularBlur_13.png,SSIM,0.48000783916723205
Degus,Circularblur,13.0,Degus_circularBlur_13.png,PSNR,22.475741040045133
Degus,Circularblur,15.0,Degus_circularBlur_15.png,LPIPS,0.30501875281333923
Degus,Circularblur,15.0,Degus_circularBlur_15.png,SSIM,0.4759428240847912
Degus,Circularblur,15.0,Degus_circularBlur_15.png,PSNR,22.33984630844427
Degus,Circularblur,20.0,Degus_circularBlur_20.png,LPIPS,0.3666655123233795
Degus,Circularblur,20.0,Degus_circularBlur_20.png,SSIM,0.4705053034240753
Degus,Circularblur,20.0,Degus_circularBlur_20.png,PSNR,22.12578083638408
Degus,Circularblur,25.0,Degus_circularBlur_25.png,LPIPS,0.4134922921657562
Degus,Circularblur,25.0,Degus_circularBlur_25.png,SSIM,0.46686256738375537
Degus,Circularblur,25.0,Degus_circularBlur_25.png,PSNR,21.961175341595084
Degus,Circularblur,3.0,Degus_circularBlur_3.png,LPIPS,0.004661714192479849
Degus,Circularblur,3.0,Degus_circularBlur_3.png,SSIM,0.7788828114493542
Degus,Circularblur,3.0,Degus_circularBlur_3.png,PSNR,27.780223078923957
Degus,Circularblur,30.0,Degus_circularBlur_30.png,LPIPS,0.45198604464530945
Degus,Circularblur,30.0,Degus_circularBlur_30.png,SSIM,0.46366568339253034
Degus,Circularblur,30.0,Degus_circularBlur_30.png,PSNR,21.806649331295866
Degus,Circularblur,5.0,Degus_circularBlur_5.png,LPIPS,0.030673593282699585
Degus,Circularblur,5.0,Degus_circularBlur_5.png,SSIM,0.6033249607460421
Degus,Circularblur,5.0,Degus_circularBlur_5.png,PSNR,24.632169758449535
Degus,Circularblur,7.0,Degus_circularBlur_7.png,LPIPS,0.08158101886510849
Degus,Circularblur,7.0,Degus_circularBlur_7.png,SSIM,0.5207876675648412
Degus,Circularblur,7.0,Degus_circularBlur_7.png,PSNR,23.45267081482698
Degus,Circularblur,9.0,Degus_circularBlur_9.png,LPIPS,0.1628427803516388
Degus,Circularblur,9.0,Degus_circularBlur_9.png,SSIM,0.4904630613260177
Degus,Circularblur,9.0,Degus_circularBlur_9.png,PSNR,22.89513787692751
Degus,Dilation,0.0,Degus_dilation_0.bmp,LPIPS,0.0
Degus,Dilation,0.0,Degus_dilation_0.bmp,SSIM,1.0
Degus,Dilation,0.0,Degus_dilation_0.bmp,PSNR,inf
Degus,Dilation,11.0,Degus_dilation_11.png,LPIPS,0.3130744993686676
Degus,Dilation,11.0,Degus_dilation_11.png,SSIM,0.39541725721544013
Degus,Dilation,11.0,Degus_dilation_11.png,PSNR,13.49597229850408
Degus,Dilation,15.0,Degus_dilation_15.png,LPIPS,0.34358325600624084
Degus,Dilation,15.0,Degus_dilation_15.png,SSIM,0.38757196274084266
Degus,Dilation,15.0,Degus_dilation_15.png,PSNR,12.8078863107195
Degus,Dilation,18.0,Degus_dilation_18.png,LPIPS,0.3698579668998718
Degus,Dilation,18.0,Degus_dilation_18.png,SSIM,0.3834352025844816
Degus,Dilation,18.0,Degus_dilation_18.png,PSNR,12.407253550506914
Degus,Dilation,20.0,Degus_dilation_20.png,LPIPS,0.3872388005256653
Degus,Dilation,20.0,Degus_dilation_20.png,SSIM,0.3810761703055878
Degus,Dilation,20.0,Degus_dilation_20.png,PSNR,12.180693522164042
Degus,Dilation,25.0,Degus_dilation_25.png,LPIPS,0.4329316020011902
Degus,Dilation,25.0,Degus_dilation_25.png,SSIM,0.37623536816912734
Degus,Dilation,25.0,Degus_dilation_25.png,PSNR,11.709327654260909
Degus,Dilation,3.0,Degus_dilation_3.png,LPIPS,0.07622048258781433
Degus,Dilation,3.0,Degus_dilation_3.png,SSIM,0.5812513891093817
Degus,Dilation,3.0,Degus_dilation_3.png,PSNR,17.981402033129
Degus,Dilation,5.0,Degus_dilation_5.png,LPIPS,0.14055800437927246
Degus,Dilation,5.0,Degus_dilation_5.png,SSIM,0.4459989343044188
Degus,Dilation,5.0,Degus_dilation_5.png,PSNR,15.698693475213814
Degus,Dilation,7.0,Degus_dilation_7.png,LPIPS,0.21267753839492798
Degus,Dilation,7.0,Degus_dilation_7.png,SSIM,0.4082438750011927
Degus,Dilation,7.0,Degus_dilation_7.png,PSNR,14.634381913930595
Degus,Dilation,9.0,Degus_dilation_9.png,LPIPS,0.2735103964805603
Degus,Dilation,9.0,Degus_dilation_9.png,SSIM,0.39942038756562154
Degus,Dilation,9.0,Degus_dilation_9.png,PSNR,13.991649253103411
Degus,Hole,0.0,Degus_hole_0.bmp,LPIPS,0.0
Degus,Hole,0.0,Degus_hole_0.bmp,SSIM,1.0
Degus,Hole,0.0,Degus_hole_0.bmp,PSNR,inf
Degus,Hole,0.05,Degus_hole_0_05.png,LPIPS,0.020119559019804
Degus,Hole,0.05,Degus_hole_0_05.png,SSIM,0.9932625680355015
Degus,Hole,0.05,Degus_hole_0_05.png,PSNR,32.556572976267276
Degus,Hole,0.1,Degus_hole_0_1.png,LPIPS,0.041860904544591904
Degus,Hole,0.1,Degus_hole_0_1.png,SSIM,0.9739442962044862
Degus,Hole,0.1,Degus_hole_0_1.png,PSNR,27.070705760768874
Degus,Hole,0.15,Degus_hole_0_15.png,LPIPS,0.06647222489118576
Degus,Hole,0.15,Degus_hole_0_15.png,SSIM,0.9437167730754923
Degus,Hole,0.15,Degus_hole_0_15.png,PSNR,23.956970777225067
Degus,Hole,0.2,Degus_hole_0_2.png,LPIPS,0.09790362417697906
Degus,Hole,0.2,Degus_hole_0_2.png,SSIM,0.9002726029484912
Degus,Hole,0.2,Degus_hole_0_2.png,PSNR,21.930640896985555
Degus,Hole,0.3,Degus_hole_0_3.png,LPIPS,0.24386557936668396
Degus,Hole,0.3,Degus_hole_0_3.png,SSIM,0.7727046108113124
Degus,Hole,0.3,Degus_hole_0_3.png,PSNR,17.18365820984472
Degus,Hole,0.4,Degus_hole_0_4.png,LPIPS,0.4416859447956085
Degus,Hole,0.4,Degus_hole_0_4.png,SSIM,0.5909260346492308
Degus,Hole,0.4,Degus_hole_0_4.png,PSNR,13.691784075197212
Degus,Hole,0.5,Degus_hole_0_5.png,LPIPS,0.6794188022613525
Degus,Hole,0.5,Degus_hole_0_5.png,SSIM,0.35280897855054455
Degus,Hole,0.5,Degus_hole_0_5.png,PSNR,10.691481174561883
Degus,Hole,0.6,Degus_hole_0_6.png,LPIPS,0.865470290184021
Degus,Hole,0.6,Degus_hole_0_6.png,SSIM,0.14164441069615605
Degus,Hole,0.6,Degus_hole_0_6.png,PSNR,8.663654674838764
Degus,Hole,0.8,Degus_hole_0_8.png,LPIPS,1.0104990005493164
Degus,Hole,0.8,Degus_hole_0_8.png,SSIM,0.015484195751546694
Degus,Hole,0.8,Degus_hole_0_8.png,PSNR,7.7750701077359095
Degus,Hole,1.0,Degus_hole_1.png,LPIPS,1.0104990005493164
Degus,Hole,1.0,Degus_hole_1.png,SSIM,0.015484195751546694
Degus,Hole,1.0,Degus_hole_1.png,PSNR,7.7750701077359095
Degus,Noise,0.0,Degus_noise_0.bmp,LPIPS,0.0
Degus,Noise,0.0,Degus_noise_0.bmp,SSIM,1.0
Degus,Noise,0.0,Degus_noise_0.bmp,PSNR,inf
Degus,Noise,0.01,Degus_noise_0_01.png,LPIPS,0.00011966644524363801
Degus,Noise,0.01,Degus_noise_0_01.png,SSIM,0.9980745240788726
Degus,Noise,0.01,Degus_noise_0_01.png,PSNR,51.240141816988604
Degus,Noise,0.05,Degus_noise_0_05.png,LPIPS,0.00011782919318648055
Degus,Noise,0.05,Degus_noise_0_05.png,SSIM,0.9980713389522009
Degus,Noise,0.05,Degus_noise_0_05.png,PSNR,51.24296265509735
Degus,Noise,0.1,Degus_noise_0_1.png,LPIPS,0.00012620099005289376
Degus,Noise,0.1,Degus_noise_0_1.png,SSIM,0.9980741521283325
Degus,Noise,0.1,Degus_noise_0_1.png,PSNR,51.24155300589887
Degus,Noise,0.25,Degus_noise_0_25.png,LPIPS,0.00011706261284416541
Degus,Noise,0.25,Degus_noise_0_25.png,SSIM,0.9980726356660193
Degus,Noise,0.25,Degus_noise_0_25.png,PSNR,51.24168186340076
Degus,Noise,0.5,Degus_noise_0_5.png,LPIPS,0.00012210530985612422
Degus,Noise,0.5,Degus_noise_0_5.png,SSIM,0.9974996663856744
Degus,Noise,0.5,Degus_noise_0_5.png,PSNR,50.51234698117348
Degus,Noise,0.8,Degus_noise_0_8.png,LPIPS,0.00012614189472515136
Degus,Noise,0.8,Degus_noise_0_8.png,SSIM,0.9951009213571916
Degus,Noise,0.8,Degus_noise_0_8.png,PSNR,48.35058158506027
Degus,Rotate,0.0,Degus_rotate_0.bmp,LPIPS,0.0
Degus,Rotate,0.0,Degus_rotate_0.bmp,SSIM,1.0
Degus,Rotate,0.0,Degus_rotate_0.bmp,PSNR,inf
Degus,Rotate,1.0,Degus_rotate_1.png,LPIPS,0.07703271508216858
Degus,Rotate,1.0,Degus_rotate_1.png,SSIM,0.397741090209412
Degus,Rotate,1.0,Degus_rotate_1.png,PSNR,18.66153574237086
Degus,Rotate,10.0,Degus_rotate_10.png,LPIPS,0.32353436946868896
Degus,Rotate,10.0,Degus_rotate_10.png,SSIM,0.3084365417908829
Degus,Rotate,10.0,Degus_rotate_10.png,PSNR,14.126682118535774
Degus,Rotate,2.0,Degus_rotate_2.png,LPIPS,0.11008480191230774
Degus,Rotate,2.0,Degus_rotate_2.png,SSIM,0.3738295634974335
Degus,Rotate,2.0,Degus_rotate_2.png,PSNR,17.624653150649554
Degus,Rotate,20.0,Degus_rotate_20.png,LPIPS,0.49129432439804077
Degus,Rotate,20.0,Degus_rotate_20.png,SSIM,0.2637011714637804
Degus,Rotate,20.0,Degus_rotate_20.png,PSNR,12.396377463443029
Degus,Rotate,30.0,Degus_rotate_30.png,LPIPS,0.5823622941970825
Degus,Rotate,30.0,Degus_rotate_30.png,SSIM,0.22980507011020782
Degus,Rotate,30.0,Degus_rotate_30.png,PSNR,11.462541385586778
Degus,Rotate,40.0,Degus_rotate_40.png,LPIPS,0.6394201517105103
Degus,Rotate,40.0,Degus_rotate_40.png,SSIM,0.20373289177572784
Degus,Rotate,40.0,Degus_rotate_40.png,PSNR,10.860257140059426
Degus,Rotate,45.0,Degus_rotate_45.png,LPIPS,0.6653502583503723
Degus,Rotate,45.0,Degus_rotate_45.png,SSIM,0.19241535071550064
Degus,Rotate,45.0,Degus_rotate_45.png,PSNR,10.63117432273797
Degus,Rotate,5.0,Degus_rotate_5.png,LPIPS,0.19782620668411255
Degus,Rotate,5.0,Degus_rotate_5.png,SSIM,0.34242095584574517
Degus,Rotate,5.0,Degus_rotate_5.png,PSNR,15.813861342842142
Degus,Rotate,60.0,Degus_rotate_60.png,LPIPS,0.7088037133216858
Degus,Rotate,60.0,Degus_rotate_60.png,SSIM,0.1652543524789609
Degus,Rotate,60.0,Degus_rotate_60.png,PSNR,10.171100191856226
Degus,Rotate,75.0,Degus_rotate_75.png,LPIPS,0.7298462986946106
Degus,Rotate,75.0,Degus_rotate_75.png,SSIM,0.15055338836938767
Degus,Rotate,75.0,Degus_rotate_75.png,PSNR,9.962457039658826
Degus,Rotate,90.0,Degus_rotate_90.png,LPIPS,0.7291416525840759
Degus,Rotate,90.0,Degus_rotate_90.png,SSIM,0.15131051852355756
Degus,Rotate,90.0,Degus_rotate_90.png,PSNR,9.79247369971981
Degus,Saturation,0.0,Degus_saturation_0.bmp,LPIPS,0.0
Degus,Saturation,0.0,Degus_saturation_0.bmp,SSIM,1.0
Degus,Saturation,0.0,Degus_saturation_0.bmp,PSNR,inf
Degus,Saturation,10.0,Degus_saturation_10.png,LPIPS,0.17161795496940613
Degus,Saturation,10.0,Degus_saturation_10.png,SSIM,0.6334531083212027
Degus,Saturation,10.0,Degus_saturation_10.png,PSNR,17.609175532705677
Degus,Saturation,1.1,Degus_saturation_1_1.png,LPIPS,0.006797295995056629
Degus,Saturation,1.1,Degus_saturation_1_1.png,SSIM,0.9782447891421153
Degus,Saturation,1.1,Degus_saturation_1_1.png,PSNR,31.883977394663127
Degus,Saturation,1.5,Degus_saturation_1_5.png,LPIPS,0.0679728090763092
Degus,Saturation,1.5,Degus_saturation_1_5.png,SSIM,0.754105323990817
Degus,Saturation,1.5,Degus_saturation_1_5.png,PSNR,21.314192518729506
Degus,Saturation,2.0,Degus_saturation_2.png,LPIPS,0.10854767262935638
Degus,Saturation,2.0,Degus_saturation_2.png,SSIM,0.6748974785036159
Degus,Saturation,2.0,Degus_saturation_2.png,PSNR,19.47461623078813
Degus,Saturation,3.0,Degus_saturation_3.png,LPIPS,0.13791793584823608
Degus,Saturation,3.0,Degus_saturation_3.png,SSIM,0.6428623442722577
Degus,Saturation,3.0,Degus_saturation_3.png,PSNR,18.31173906720813
Degus,Saturation,4.0,Degus_saturation_4.png,LPIPS,0.15110327303409576
Degus,Saturation,4.0,Degus_saturation_4.png,SSIM,0.6371501590508671
Degus,Saturation,4.0,Degus_saturation_4.png,PSNR,17.928279146516655
Degus,Saturation,5.0,Degus_saturation_5.png,LPIPS,0.1621326357126236
Degus,Saturation,5.0,Degus_saturation_5.png,SSIM,0.6345977052026703
Degus,Saturation,5.0,Degus_saturation_5.png,PSNR,17.708354157348637
Degus,Saturation,6.0,Degus_saturation_6.png,LPIPS,0.16919687390327454
Degus,Saturation,6.0,Degus_saturation_6.png,SSIM,0.6336934401542463
Degus,Saturation,6.0,Degus_saturation_6.png,PSNR,17.630135525578346
Degus,Saturation,7.0,Degus_saturation_7.png,LPIPS,0.171345055103302
Degus,Saturation,7.0,Degus_saturation_7.png,SSIM,0.6334868821262779
Degus,Saturation,7.0,Degus_saturation_7.png,PSNR,17.611936615557436
Degus,Saturation,8.0,Degus_saturation_8.png,LPIPS,0.1715913563966751
Degus,Saturation,8.0,Degus_saturation_8.png,SSIM,0.6334588969587615
Degus,Saturation,8.0,Degus_saturation_8.png,PSNR,17.609476539814068
Degus,Saturation,9.0,Degus_saturation_9.png,LPIPS,0.17161677777767181
Degus,Saturation,9.0,Degus_saturation_9.png,SSIM,0.6334538932962296
Degus,Saturation,9.0,Degus_saturation_9.png,PSNR,17.6092003194448
Degus,Shift,0.0,Degus_shift_0.bmp,LPIPS,0.0
Degus,Shift,0.0,Degus_shift_0.bmp,SSIM,1.0
Degus,Shift,0.0,Degus_shift_0.bmp,PSNR,inf
Degus,Shift,1.0,Degus_shift_1.png,LPIPS,0.005302091594785452
Degus,Shift,1.0,Degus_shift_1.png,SSIM,0.6862066903120025
Degus,Shift,1.0,Degus_shift_1.png,PSNR,24.4273433645471
Degus,Shift,10.0,Degus_shift_10.png,LPIPS,0.10078407824039459
Degus,Shift,10.0,Degus_shift_10.png,SSIM,0.3637082242986252
Degus,Shift,10.0,Degus_shift_10.png,PSNR,18.03612719009522
Degus,Shift,15.0,Degus_shift_15.png,LPIPS,0.12489759922027588
Degus,Shift,15.0,Degus_shift_15.png,SSIM,0.345116960980945
Degus,Shift,15.0,Degus_shift_15.png,PSNR,17.288400858009297
Degus,Shift,2.0,Degus_shift_2.png,LPIPS,0.01924198679625988
Degus,Shift,2.0,Degus_shift_2.png,SSIM,0.49114700965724817
Degus,Shift,2.0,Degus_shift_2.png,PSNR,21.127465162583412
Degus,Shift,20.0,Degus_shift_20.png,LPIPS,0.14628610014915466
Degus,Shift,20.0,Degus_shift_20.png,SSIM,0.3371077518210295
Degus,Shift,20.0,Degus_shift_20.png,PSNR,16.706564545165932
Degus,Shift,25.0,Degus_shift_25.png,LPIPS,0.16214227676391602
Degus,Shift,25.0,Degus_shift_25.png,SSIM,0.3338939869849751
Degus,Shift,25.0,Degus_shift_25.png,PSNR,16.23838377902367
Degus,Shift,3.0,Degus_shift_3.png,LPIPS,0.03736479952931404
Degus,Shift,3.0,Degus_shift_3.png,SSIM,0.3896831452503684
Degus,Shift,3.0,Degus_shift_3.png,PSNR,19.78494854146874
Degus,Shift,30.0,Degus_shift_30.png,LPIPS,0.18025308847427368
Degus,Shift,30.0,Degus_shift_30.png,SSIM,0.3271998765297561
Degus,Shift,30.0,Degus_shift_30.png,PSNR,15.802780503653935
Degus,Shift,4.0,Degus_shift_4.png,LPIPS,0.05236010253429413
Degus,Shift,4.0,Degus_shift_4.png,SSIM,0.37007610352144904
Degus,Shift,4.0,Degus_shift_4.png,PSNR,19.27448052270162
Degus,Shift,5.0,Degus_shift_5.png,LPIPS,0.06255412101745605
Degus,Shift,5.0,Degus_shift_5.png,SSIM,0.37498503898728375
Degus,Shift,5.0,Degus_shift_5.png,PSNR,19.020338806093527
Degus,Shift,8.0,Degus_shift_8.png,LPIPS,0.08923503756523132
Degus,Shift,8.0,Degus_shift_8.png,SSIM,0.3743663400978268
Degus,Shift,8.0,Degus_shift_8.png,PSNR,18.403576886424844
Hotdog,Blur,0.0,Hotdog_blur_0.bmp,LPIPS,0.0
Hotdog,Blur,0.0,Hotdog_blur_0.bmp,SSIM,1.0
Hotdog,Blur,0.0,Hotdog_blur_0.bmp,PSNR,inf
Hotdog,Blur,1.0,Hotdog_blur_1.png,LPIPS,0.00010171809117309749
Hotdog,Blur,1.0,Hotdog_blur_1.png,SSIM,0.9715424251517999
Hotdog,Blur,1.0,Hotdog_blur_1.png,PSNR,39.953767677456995
Hotdog,Blur,10.0,Hotdog_blur_10.png,LPIPS,0.12640413641929626
Hotdog,Blur,10.0,Hotdog_blur_10.png,SSIM,0.8447917428200952
Hotdog,Blur,10.0,Hotdog_blur_10.png,PSNR,28.63325137753216
Hotdog,Blur,100.0,Hotdog_blur_100.png,LPIPS,0.7397469282150269
Hotdog,Blur,100.0,Hotdog_blur_100.png,SSIM,0.778725557306005
Hotdog,Blur,100.0,Hotdog_blur_100.png,PSNR,19.87948606957106
Hotdog,Blur,100.0,Hotdog_blur_100_0.png,LPIPS,0.7397469282150269
Hotdog,Blur,100.0,Hotdog_blur_100_0.png,SSIM,0.778725557306005
Hotdog,Blur,100.0,Hotdog_blur_100_0.png,PSNR,19.87948606957106
Hotdog,Blur,10.0,Hotdog_blur_10_0.png,LPIPS,0.12640413641929626
Hotdog,Blur,10.0,Hotdog_blur_10_0.png,SSIM,0.8447917428200952
Hotdog,Blur,10.0,Hotdog_blur_10_0.png,PSNR,28.63325137753216
Hotdog,Blur,15.0,Hotdog_blur_15.png,LPIPS,0.2353094220161438
Hotdog,Blur,15.0,Hotdog_blur_15.png,SSIM,0.8264064729100581
Hotdog,Blur,15.0,Hotdog_blur_15.png,PSNR,26.8422462984391
Hotdog,Blur,1.0,Hotdog_blur_1_0.png,LPIPS,0.00010171809117309749
Hotdog,Blur,1.0,Hotdog_blur_1_0.png,SSIM,0.9715424251517999
Hotdog,Blur,1.0,Hotdog_blur_1_0.png,PSNR,39.953767677456995
Hotdog,Blur,2.0,Hotdog_blur_2.png,LPIPS,0.00101596734020859
Hotdog,Blur,2.0,Hotdog_blur_2.png,SSIM,0.9277873689948724
Hotdog,Blur,2.0,Hotdog_blur_2.png,PSNR,35.274885658861244
Hotdog,Blur,20.0,Hotdog_blur_20.png,LPIPS,0.31454384326934814
Hotdog,Blur,20.0,Hotdog_blur_20.png,SSIM,0.8161780146396319
Hotdog,Blur,20.0,Hotdog_blur_20.png,PSNR,25.660524217505255
Hotdog,Blur,2.0,Hotdog_blur_2_0.png,LPIPS,0.00101596734020859
Hotdog,Blur,2.0,Hotdog_blur_2_0.png,SSIM,0.9277873689948724
Hotdog,Blur,2.0,Hotdog_blur_2_0.png,PSNR,35.274885658861244
Hotdog,Blur,30.0,Hotdog_blur_30.png,LPIPS,0.4355672597885132
Hotdog,Blur,30.0,Hotdog_blur_30.png,SSIM,0.8050430546846625
Hotdog,Blur,30.0,Hotdog_blur_30.png,PSNR,24.07600574644176
Hotdog,Blur,40.0,Hotdog_blur_40.png,LPIPS,0.5348535776138306
Hotdog,Blur,40.0,Hotdog_blur_40.png,SSIM,0.7984399851736507
Hotdog,Blur,40.0,Hotdog_blur_40.png,PSNR,22.989562042467778
Hotdog,Blur,5.0,Hotdog_blur_5.png,LPIPS,0.02280592918395996
Hotdog,Blur,5.0,Hotdog_blur_5.png,SSIM,0.8749558846745035
Hotdog,Blur,5.0,Hotdog_blur_5.png,PSNR,31.489158934688454
Hotdog,Blur,50.0,Hotdog_blur_50.png,LPIPS,0.6070911884307861
Hotdog,Blur,50.0,Hotdog_blur_50.png,SSIM,0.7937195681404513
Hotdog,Blur,50.0,Hotdog_blur_50.png,PSNR,22.18580173769334
Hotdog,Blur,5.0,Hotdog_blur_5_0.png,LPIPS,0.02280592918395996
Hotdog,Blur,5.0,Hotdog_blur_5_0.png,SSIM,0.8749558846745035
Hotdog,Blur,5.0,Hotdog_blur_5_0.png,PSNR,31.489158934688454
Hotdog,Blur,60.0,Hotdog_blur_60.png,LPIPS,0.6537318229675293
Hotdog,Blur,60.0,Hotdog_blur_60.png,SSIM,0.7900290844431545
Hotdog,Blur,60.0,Hotdog_blur_60.png,PSNR,21.564321003014268
Hotdog,Blur,70.0,Hotdog_blur_70.png,LPIPS,0.6874380707740784
Hotdog,Blur,70.0,Hotdog_blur_70.png,SSIM,0.7867454011854481
Hotdog,Blur,70.0,Hotdog_blur_70.png,PSNR,21.045795197835876
Hotdog,Blur,80.0,Hotdog_blur_80.png,LPIPS,0.711394190788269
Hotdog,Blur,80.0,Hotdog_blur_80.png,SSIM,0.7838019847441898
Hotdog,Blur,80.0,Hotdog_blur_80.png,PSNR,20.605400386082234
Hotdog,Blur,90.0,Hotdog_blur_90.png,LPIPS,0.7283228039741516
Hotdog,Blur,90.0,Hotdog_blur_90.png,SSIM,0.7811312088940099
Hotdog,Blur,90.0,Hotdog_blur_90.png,PSNR,20.22109882287441
Hotdog,Brightness,0.0,Hotdog_brightness_0.bmp,LPIPS,0.0
Hotdog,Brightness,0.0,Hotdog_brightness_0.bmp,SSIM,1.0
Hotdog,Brightness,0.0,Hotdog_brightness_0.bmp,PSNR,inf
Hotdog,Brightness,1.0,Hotdog_brightness_1.png,LPIPS,0.0
Hotdog,Brightness,1.0,Hotdog_brightness_1.png,SSIM,1.0
Hotdog,Brightness,1.0,Hotdog_brightness_1.png,PSNR,inf
Hotdog,Brightness,10.0,Hotdog_brightness_10.png,LPIPS,0.6779037117958069
Hotdog,Brightness,10.0,Hotdog_brightness_10.png,SSIM,0.6337335277371708
Hotdog,Brightness,10.0,Hotdog_brightness_10.png,PSNR,6.094901387583435
Hotdog,Brightness,12.0,Hotdog_brightness_12.png,LPIPS,0.6979625225067139
Hotdog,Brightness,12.0,Hotdog_brightness_12.png,SSIM,0.6327468527229475
Hotdog,Brightness,12.0,Hotdog_brightness_12.png,PSNR,6.0400807910769405
Hotdog,Brightness,14.0,Hotdog_brightness_14.png,LPIPS,0.7122392058372498
Hotdog,Brightness,14.0,Hotdog_brightness_14.png,SSIM,0.6320287734232647
Hotdog,Brightness,14.0,Hotdog_brightness_14.png,PSNR,6.0077371513890565
Hotdog,Brightness,16.0,Hotdog_brightness_16.png,LPIPS,0.7217199206352234
Hotdog,Brightness,16.0,Hotdog_brightness_16.png,SSIM,0.6315165166205424
Hotdog,Brightness,16.0,Hotdog_brightness_16.png,PSNR,5.984410668209588
Hotdog,Brightness,18.0,Hotdog_brightness_18.png,LPIPS,0.728560745716095
Hotdog,Brightness,18.0,Hotdog_brightness_18.png,SSIM,0.631172402551941
Hotdog,Brightness,18.0,Hotdog_brightness_18.png,PSNR,5.965891365514759
Hotdog,Brightness,2.0,Hotdog_brightness_2.png,LPIPS,0.3417379558086395
Hotdog,Brightness,2.0,Hotdog_brightness_2.png,SSIM,0.7624987485466453
Hotdog,Brightness,2.0,Hotdog_brightness_2.png,PSNR,8.842522719076127
Hotdog,Brightness,20.0,Hotdog_brightness_20.png,LPIPS,0.7332258820533752
Hotdog,Brightness,20.0,Hotdog_brightness_20.png,SSIM,0.6309253490421249
Hotdog,Brightness,20.0,Hotdog_brightness_20.png,PSNR,5.9504437298282955
Hotdog,Brightness,3.0,Hotdog_brightness_3.png,LPIPS,0.5073862075805664
Hotdog,Brightness,3.0,Hotdog_brightness_3.png,SSIM,0.6864013880584711
Hotdog,Brightness,3.0,Hotdog_brightness_3.png,PSNR,7.666902143234543
Hotdog,Brightness,4.0,Hotdog_brightness_4.png,LPIPS,0.5585353374481201
Hotdog,Brightness,4.0,Hotdog_brightness_4.png,SSIM,0.6583957790890583
Hotdog,Brightness,4.0,Hotdog_brightness_4.png,PSNR,7.105681070983065
Hotdog,Brightness,5.0,Hotdog_brightness_5.png,LPIPS,0.5952529311180115
Hotdog,Brightness,5.0,Hotdog_brightness_5.png,SSIM,0.6456844473673341
Hotdog,Brightness,5.0,Hotdog_brightness_5.png,PSNR,6.7267762584967095
Hotdog,Brightness,6.0,Hotdog_brightness_6.png,LPIPS,0.62132328748703
Hotdog,Brightness,6.0,Hotdog_brightness_6.png,SSIM,0.6396466938681715
Hotdog,Brightness,6.0,Hotdog_brightness_6.png,PSNR,6.468524611794128
Hotdog,Brightness,7.0,Hotdog_brightness_7.png,LPIPS,0.6411795020103455
Hotdog,Brightness,7.0,Hotdog_brightness_7.png,SSIM,0.6371779650663209
Hotdog,Brightness,7.0,Hotdog_brightness_7.png,PSNR,6.304483842761917
Hotdog,Brightness,8.0,Hotdog_brightness_8.png,LPIPS,0.6552209854125977
Hotdog,Brightness,8.0,Hotdog_brightness_8.png,SSIM,0.6355966523299886
Hotdog,Brightness,8.0,Hotdog_brightness_8.png,PSNR,6.20646969424771
Hotdog,Brightness,9.0,Hotdog_brightness_9.png,LPIPS,0.6662220358848572
Hotdog,Brightness,9.0,Hotdog_brightness_9.png,SSIM,0.6344723322442846
Hotdog,Brightness,9.0,Hotdog_brightness_9.png,PSNR,6.140971706641723
Hotdog,Circularblur,0.0,Hotdog_circularBlur_0.bmp,LPIPS,0.0
Hotdog,Circularblur,0.0,Hotdog_circularBlur_0.bmp,SSIM,1.0
Hotdog,Circularblur,0.0,Hotdog_circularBlur_0.bmp,PSNR,inf
Hotdog,Circularblur,11.0,Hotdog_circularBlur_11.png,LPIPS,0.03538447618484497
Hotdog,Circularblur,11.0,Hotdog_circularBlur_11.png,SSIM,0.8627687406938955
Hotdog,Circularblur,11.0,Hotdog_circularBlur_11.png,PSNR,30.61876619660865
Hotdog,Circularblur,13.0,Hotdog_circularBlur_13.png,LPIPS,0.05648096650838852
Hotdog,Circularblur,13.0,Hotdog_circularBlur_13.png,SSIM,0.8557449942423555
Hotdog,Circularblur,13.0,Hotdog_circularBlur_13.png,PSNR,29.931793070974607
Hotdog,Circularblur,15.0,Hotdog_circularBlur_15.png,LPIPS,0.08196836709976196
Hotdog,Circularblur,15.0,Hotdog_circularBlur_15.png,SSIM,0.8488445105097459
Hotdog,Circularblur,15.0,Hotdog_circularBlur_15.png,PSNR,29.28927528133292
Hotdog,Circularblur,20.0,Hotdog_circularBlur_20.png,LPIPS,0.1539849042892456
Hotdog,Circularblur,20.0,Hotdog_circularBlur_20.png,SSIM,0.8350792524902214
Hotdog,Circularblur,20.0,Hotdog_circularBlur_20.png,PSNR,27.97140574860308
Hotdog,Circularblur,25.0,Hotdog_circularBlur_25.png,LPIPS,0.21455180644989014
Hotdog,Circularblur,25.0,Hotdog_circularBlur_25.png,SSIM,0.8227424793566543
Hotdog,Circularblur,25.0,Hotdog_circularBlur_25.png,PSNR,26.92263750966738
Hotdog,Circularblur,3.0,Hotdog_circularBlur_3.png,LPIPS,0.00041265436448156834
Hotdog,Circularblur,3.0,Hotdog_circularBlur_3.png,SSIM,0.932583716565356
Hotdog,Circularblur,3.0,Hotdog_circularBlur_3.png,PSNR,35.83425794085652
Hotdog,Circularblur,30.0,Hotdog_circularBlur_30.png,LPIPS,0.2573270797729492
Hotdog,Circularblur,30.0,Hotdog_circularBlur_30.png,SSIM,0.8145206081461782
Hotdog,Circularblur,30.0,Hotdog_circularBlur_30.png,PSNR,26.111901915651202
Hotdog,Circularblur,5.0,Hotdog_circularBlur_5.png,LPIPS,0.002596466336399317
Hotdog,Circularblur,5.0,Hotdog_circularBlur_5.png,SSIM,0.893452921199645
Hotdog,Circularblur,5.0,Hotdog_circularBlur_5.png,PSNR,33.167714741322044
Hotdog,Circularblur,7.0,Hotdog_circularBlur_7.png,LPIPS,0.007804466877132654
Hotdog,Circularblur,7.0,Hotdog_circularBlur_7.png,SSIM,0.8776173379976088
Hotdog,Circularblur,7.0,Hotdog_circularBlur_7.png,PSNR,32.120699716818486
Hotdog,Circularblur,9.0,Hotdog_circularBlur_9.png,LPIPS,0.019361484795808792
Hotdog,Circularblur,9.0,Hotdog_circularBlur_9.png,SSIM,0.8686624158777222
Hotdog,Circularblur,9.0,Hotdog_circularBlur_9.png,PSNR,31.30400113594434
Hotdog,Dilation,0.0,Hotdog_dilation_0.bmp,LPIPS,0.0
Hotdog,Dilation,0.0,Hotdog_dilation_0.bmp,SSIM,1.0
Hotdog,Dilation,0.0,Hotdog_dilation_0.bmp,PSNR,inf
Hotdog,Dilation,11.0,Hotdog_dilation_11.png,LPIPS,0.15146872401237488
Hotdog,Dilation,11.0,Hotdog_dilation_11.png,SSIM,0.7835220344197732
Hotdog,Dilation,11.0,Hotdog_dilation_11.png,PSNR,19.916138885824232
Hotdog,Dilation,15.0,Hotdog_dilation_15.png,LPIPS,0.19464118778705597
Hotdog,Dilation,15.0,Hotdog_dilation_15.png,SSIM,0.7702631225329098
Hotdog,Dilation,15.0,Hotdog_dilation_15.png,PSNR,18.608023279578546
Hotdog,Dilation,18.0,Hotdog_dilation_18.png,LPIPS,0.21992945671081543
Hotdog,Dilation,18.0,Hotdog_dilation_18.png,SSIM,0.7620270817590918
Hotdog,Dilation,18.0,Hotdog_dilation_18.png,PSNR,17.836634789154107
Hotdog,Dilation,20.0,Hotdog_dilation_20.png,LPIPS,0.23205313086509705
Hotdog,Dilation,20.0,Hotdog_dilation_20.png,SSIM,0.7574386783040817
Hotdog,Dilation,20.0,Hotdog_dilation_20.png,PSNR,17.406246973061684
Hotdog,Dilation,25.0,Hotdog_dilation_25.png,LPIPS,0.254521906375885
Hotdog,Dilation,25.0,Hotdog_dilation_25.png,SSIM,0.7487051856140257
Hotdog,Dilation,25.0,Hotdog_dilation_25.png,PSNR,16.529858524484062
Hotdog,Dilation,3.0,Hotdog_dilation_3.png,LPIPS,0.022370290011167526
Hotdog,Dilation,3.0,Hotdog_dilation_3.png,SSIM,0.8606628051125437
Hotdog,Dilation,3.0,Hotdog_dilation_3.png,PSNR,26.04469603401276
Hotdog,Dilation,5.0,Hotdog_dilation_5.png,LPIPS,0.05292409658432007
Hotdog,Dilation,5.0,Hotdog_dilation_5.png,SSIM,0.8228832892843262
Hotdog,Dilation,5.0,Hotdog_dilation_5.png,PSNR,23.4510297580039
Hotdog,Dilation,7.0,Hotdog_dilation_7.png,LPIPS,0.09024053066968918
Hotdog,Dilation,7.0,Hotdog_dilation_7.png,SSIM,0.8039152574510645
Hotdog,Dilation,7.0,Hotdog_dilation_7.png,PSNR,21.905841053969816
Hotdog,Dilation,9.0,Hotdog_dilation_9.png,LPIPS,0.12216435372829437
Hotdog,Dilation,9.0,Hotdog_dilation_9.png,SSIM,0.7926702183202322
Hotdog,Dilation,9.0,Hotdog_dilation_9.png,PSNR,20.824425438266452
Hotdog,Hole,0.0,Hotdog_hole_0.bmp,LPIPS,0.0
Hotdog,Hole,0.0,Hotdog_hole_0.bmp,SSIM,1.0
Hotdog,Hole,0.0,Hotdog_hole_0.bmp,PSNR,inf
Hotdog,Hole,0.05,Hotdog_hole_0_05.png,LPIPS,0.025226423516869545
Hotdog,Hole,0.05,Hotdog_hole_0_05.png,SSIM,0.9962108366761188
Hotdog,Hole,0.05,Hotdog_hole_0_05.png,PSNR,28.318728811185064
Hotdog,Hole,0.1,Hotdog_hole_0_1.png,LPIPS,0.035591088235378265
Hotdog,Hole,0.1,Hotdog_hole_0_1.png,SSIM,0.9852554036814744
Hotdog,Hole,0.1,Hotdog_hole_0_1.png,PSNR,22.49617463884285
Hotdog,Hole,0.15,Hotdog_hole_0_15.png,LPIPS,0.04357554018497467
Hotdog,Hole,0.15,Hotdog_hole_0_15.png,SSIM,0.9672814200921541
Hotdog,Hole,0.15,Hotdog_hole_0_15.png,PSNR,19.6118631377908
Hotdog,Hole,0.2,Hotdog_hole_0_2.png,LPIPS,0.06351612508296967
Hotdog,Hole,0.2,Hotdog_hole_0_2.png,SSIM,0.9419706203405726
Hotdog,Hole,0.2,Hotdog_hole_0_2.png,PSNR,17.86192865737066
Hotdog,Hole,0.3,Hotdog_hole_0_3.png,LPIPS,0.15204735100269318
Hotdog,Hole,0.3,Hotdog_hole_0_3.png,SSIM,0.870156123539597
Hotdog,Hole,0.3,Hotdog_hole_0_3.png,PSNR,14.211892390502225
Hotdog,Hole,0.4,Hotdog_hole_0_4.png,LPIPS,0.2664884924888611
Hotdog,Hole,0.4,Hotdog_hole_0_4.png,SSIM,0.7697497222853755
Hotdog,Hole,0.4,Hotdog_hole_0_4.png,PSNR,11.391537741242352
Hotdog,Hole,0.5,Hotdog_hole_0_5.png,LPIPS,0.35626280307769775
Hotdog,Hole,0.5,Hotdog_hole_0_5.png,SSIM,0.6412365138728798
Hotdog,Hole,0.5,Hotdog_hole_0_5.png,PSNR,9.65519262639682
Hotdog,Hole,0.6,Hotdog_hole_0_6.png,LPIPS,0.4643781781196594
Hotdog,Hole,0.6,Hotdog_hole_0_6.png,SSIM,0.5266062432190416
Hotdog,Hole,0.6,Hotdog_hole_0_6.png,PSNR,8.389804787413365
Hotdog,Hole,0.8,Hotdog_hole_0_8.png,LPIPS,0.7144023180007935
Hotdog,Hole,0.8,Hotdog_hole_0_8.png,SSIM,0.3293416262394277
Hotdog,Hole,0.8,Hotdog_hole_0_8.png,PSNR,6.828492529219867
Hotdog,Hole,1.0,Hotdog_hole_1.png,LPIPS,0.9075888991355896
Hotdog,Hole,1.0,Hotdog_hole_1.png,SSIM,0.14167252967082997
Hotdog,Hole,1.0,Hotdog_hole_1.png,PSNR,5.778567942531786
Hotdog,Noise,0.0,Hotdog_noise_0.bmp,LPIPS,0.0
Hotdog,Noise,0.0,Hotdog_noise_0.bmp,SSIM,1.0
Hotdog,Noise,0.0,Hotdog_noise_0.bmp,PSNR,inf
Hotdog,Noise,0.01,Hotdog_noise_0_01.png,LPIPS,0.00013780861627310514
Hotdog,Noise,0.01,Hotdog_noise_0_01.png,SSIM,0.9966826179472807
Hotdog,Noise,0.01,Hotdog_noise_0_01.png,PSNR,51.17471351683672
Hotdog,Noise,0.05,Hotdog_noise_0_05.png,LPIPS,0.00014124091831035912
Hotdog,Noise,0.05,Hotdog_noise_0_05.png,SSIM,0.99668304691608
Hotdog,Noise,0.05,Hotdog_noise_0_05.png,PSNR,51.173163201745524
Hotdog,Noise,0.1,Hotdog_noise_0_1.png,LPIPS,0.00014274708519224077
Hotdog,Noise,0.1,Hotdog_noise_0_1.png,SSIM,0.9966821729916152
Hotdog,Noise,0.1,Hotdog_noise_0_1.png,PSNR,51.17162763073256
Hotdog,Noise,0.25,Hotdog_noise_0_25.png,LPIPS,0.0001350707170786336
Hotdog,Noise,0.25,Hotdog_noise_0_25.png,SSIM,0.9966809209885624
Hotdog,Noise,0.25,Hotdog_noise_0_25.png,PSNR,51.172817526242795
Hotdog,Noise,0.5,Hotdog_noise_0_5.png,LPIPS,0.00014020783419255167
Hotdog,Noise,0.5,Hotdog_noise_0_5.png,SSIM,0.9955683253266869
Hotdog,Noise,0.5,Hotdog_noise_0_5.png,PSNR,50.4437893837799
Hotdog,Noise,0.8,Hotdog_noise_0_8.png,LPIPS,0.00013408985978458077
Hotdog,Noise,0.8,Hotdog_noise_0_8.png,SSIM,0.9909326517645329
Hotdog,Noise,0.8,Hotdog_noise_0_8.png,PSNR,48.282014161708176
Hotdog,Rotate,0.0,Hotdog_rotate_0.bmp,LPIPS,0.0
Hotdog,Rotate,0.0,Hotdog_rotate_0.bmp,SSIM,1.0
Hotdog,Rotate,0.0,Hotdog_rotate_0.bmp,PSNR,inf
Hotdog,Rotate,1.0,Hotdog_rotate_1.png,LPIPS,0.07702858746051788
Hotdog,Rotate,1.0,Hotdog_rotate_1.png,SSIM,0.7205920770741702
Hotdog,Rotate,1.0,Hotdog_rotate_1.png,PSNR,19.994861504765346
Hotdog,Rotate,10.0,Hotdog_rotate_10.png,LPIPS,0.4212084710597992
Hotdog,Rotate,10.0,Hotdog_rotate_10.png,SSIM,0.5800281126664416
Hotdog,Rotate,10.0,Hotdog_rotate_10.png,PSNR,12.116978114264743
Hotdog,Rotate,2.0,Hotdog_rotate_2.png,LPIPS,0.1248500645160675
Hotdog,Rotate,2.0,Hotdog_rotate_2.png,SSIM,0.688755596481645
Hotdog,Rotate,2.0,Hotdog_rotate_2.png,PSNR,17.419180847446427
Hotdog,Rotate,20.0,Hotdog_rotate_20.png,LPIPS,0.5488475561141968
Hotdog,Rotate,20.0,Hotdog_rotate_20.png,SSIM,0.49407134912222644
Hotdog,Rotate,20.0,Hotdog_rotate_20.png,PSNR,9.964784408946134
Hotdog,Rotate,30.0,Hotdog_rotate_30.png,LPIPS,0.6166298389434814
Hotdog,Rotate,30.0,Hotdog_rotate_30.png,SSIM,0.43103265870954366
Hotdog,Rotate,30.0,Hotdog_rotate_30.png,PSNR,8.877701801183559
Hotdog,Rotate,40.0,Hotdog_rotate_40.png,LPIPS,0.6612746715545654
Hotdog,Rotate,40.0,Hotdog_rotate_40.png,SSIM,0.37392366403324395
Hotdog,Rotate,40.0,Hotdog_rotate_40.png,PSNR,8.042982982119952
Hotdog,Rotate,45.0,Hotdog_rotate_45.png,LPIPS,0.6747703552246094
Hotdog,Rotate,45.0,Hotdog_rotate_45.png,SSIM,0.3403230686764585
Hotdog,Rotate,45.0,Hotdog_rotate_45.png,PSNR,7.680331373245643
Hotdog,Rotate,5.0,Hotdog_rotate_5.png,LPIPS,0.2639760375022888
Hotdog,Rotate,5.0,Hotdog_rotate_5.png,SSIM,0.6396357979715518
Hotdog,Rotate,5.0,Hotdog_rotate_5.png,PSNR,14.424864606664862
Hotdog,Rotate,60.0,Hotdog_rotate_60.png,LPIPS,0.6971551179885864
Hotdog,Rotate,60.0,Hotdog_rotate_60.png,SSIM,0.27674342290770126
Hotdog,Rotate,60.0,Hotdog_rotate_60.png,PSNR,7.1098807572251435
Hotdog,Rotate,75.0,Hotdog_rotate_75.png,LPIPS,0.7104576826095581
Hotdog,Rotate,75.0,Hotdog_rotate_75.png,SSIM,0.2619177818137204
Hotdog,Rotate,75.0,Hotdog_rotate_75.png,PSNR,6.930810673348692
Hotdog,Rotate,90.0,Hotdog_rotate_90.png,LPIPS,0.7168759107589722
Hotdog,Rotate,90.0,Hotdog_rotate_90.png,SSIM,0.2587549470342084
Hotdog,Rotate,90.0,Hotdog_rotate_90.png,PSNR,6.990612310955462
Hotdog,Saturation,0.0,Hotdog_saturation_0.bmp,LPIPS,0.0
Hotdog,Saturation,0.0,Hotdog_saturation_0.bmp,SSIM,1.0
Hotdog,Saturation,0.0,Hotdog_saturation_0.bmp,PSNR,inf
Hotdog,Saturation,10.0,Hotdog_saturation_10.png,LPIPS,0.4102643132209778
Hotdog,Saturation,10.0,Hotdog_saturation_10.png,SSIM,0.6458725570621676
Hotdog,Saturation,10.0,Hotdog_saturation_10.png,PSNR,11.795094831382855
Hotdog,Saturation,1.1,Hotdog_saturation_1_1.png,LPIPS,0.0019427225925028324
Hotdog,Saturation,1.1,Hotdog_saturation_1_1.png,SSIM,0.9917745534688729
Hotdog,Saturation,1.1,Hotdog_saturation_1_1.png,PSNR,40.84945006627291
Hotdog,Saturation,1.5,Hotdog_saturation_1_5.png,LPIPS,0.028630198910832405
Hotdog,Saturation,1.5,Hotdog_saturation_1_5.png,SSIM,0.974743548520905
Hotdog,Saturation,1.5,Hotdog_saturation_1_5.png,PSNR,27.934970682267593
Hotdog,Saturation,2.0,Hotdog_saturation_2.png,LPIPS,0.07878214865922928
Hotdog,Saturation,2.0,Hotdog_saturation_2.png,SSIM,0.9355573038816557
Hotdog,Saturation,2.0,Hotdog_saturation_2.png,PSNR,22.27315030523269
Hotdog,Saturation,3.0,Hotdog_saturation_3.png,LPIPS,0.17456229031085968
Hotdog,Saturation,3.0,Hotdog_saturation_3.png,SSIM,0.8646217124060708
Hotdog,Saturation,3.0,Hotdog_saturation_3.png,PSNR,17.30116680730826
Hotdog,Saturation,4.0,Hotdog_saturation_4.png,LPIPS,0.24218590557575226
Hotdog,Saturation,4.0,Hotdog_saturation_4.png,SSIM,0.8162559980449003
Hotdog,Saturation,4.0,Hotdog_saturation_4.png,PSNR,15.290489422333549
Hotdog,Saturation,5.0,Hotdog_saturation_5.png,LPIPS,0.2787037789821625
Hotdog,Saturation,5.0,Hotdog_saturation_5.png,SSIM,0.7830880447613255
Hotdog,Saturation,5.0,Hotdog_saturation_5.png,PSNR,14.479751456778695
Hotdog,Saturation,6.0,Hotdog_saturation_6.png,LPIPS,0.311700701713562
Hotdog,Saturation,6.0,Hotdog_saturation_6.png,SSIM,0.7516992820949353
Hotdog,Saturation,6.0,Hotdog_saturation_6.png,PSNR,13.828739036647349
Hotdog,Saturation,7.0,Hotdog_saturation_7.png,LPIPS,0.34265363216400146
Hotdog,Saturation,7.0,Hotdog_saturation_7.png,SSIM,0.7211676604322094
Hotdog,Saturation,7.0,Hotdog_saturation_7.png,PSNR,13.219937443906877
Hotdog,Saturation,8.0,Hotdog_saturation_8.png,LPIPS,0.3701854348182678
Hotdog,Saturation,8.0,Hotdog_saturation_8.png,SSIM,0.6930580945462017
Hotdog,Saturation,8.0,Hotdog_saturation_8.png,PSNR,12.671510643789283
Hotdog,Saturation,9.0,Hotdog_saturation_9.png,LPIPS,0.39302998781204224
Hotdog,Saturation,9.0,Hotdog_saturation_9.png,SSIM,0.6677845253854297
Hotdog,Saturation,9.0,Hotdog_saturation_9.png,PSNR,12.19409889507853
Hotdog,Shift,0.0,Hotdog_shift_0.bmp,LPIPS,0.0
Hotdog,Shift,0.0,Hotdog_shift_0.bmp,SSIM,1.0
Hotdog,Shift,0.0,Hotdog_shift_0.bmp,PSNR,inf
Hotdog,Shift,1.0,Hotdog_shift_1.png,LPIPS,0.0013815023703500628
Hotdog,Shift,1.0,Hotdog_shift_1.png,SSIM,0.8996324578792625
Hotdog,Shift,1.0,Hotdog_shift_1.png,PSNR,31.59405751718222
Hotdog,Shift,10.0,Hotdog_shift_10.png,LPIPS,0.0544707216322422
Hotdog,Shift,10.0,Hotdog_shift_10.png,SSIM,0.7212507664227586
Hotdog,Shift,10.0,Hotdog_shift_10.png,PSNR,21.70394145537623
Hotdog,Shift,15.0,Hotdog_shift_15.png,LPIPS,0.07570549845695496
Hotdog,Shift,15.0,Hotdog_shift_15.png,SSIM,0.698230461721112
Hotdog,Shift,15.0,Hotdog_shift_15.png,PSNR,20.043556497952185
Hotdog,Shift,2.0,Hotdog_shift_2.png,LPIPS,0.0049387067556381226
Hotdog,Shift,2.0,Hotdog_shift_2.png,SSIM,0.8266623410779709
Hotdog,Shift,2.0,Hotdog_shift_2.png,PSNR,28.09089257685101
Hotdog,Shift,20.0,Hotdog_shift_20.png,LPIPS,0.09470179677009583
Hotdog,Shift,20.0,Hotdog_shift_20.png,SSIM,0.6864249427426566
Hotdog,Shift,20.0,Hotdog_shift_20.png,PSNR,18.95649346892346
Hotdog,Shift,25.0,Hotdog_shift_25.png,LPIPS,0.10639596730470657
Hotdog,Shift,25.0,Hotdog_shift_25.png,SSIM,0.6848755676447532
Hotdog,Shift,25.0,Hotdog_shift_25.png,PSNR,18.16341222130142
Hotdog,Shift,3.0,Hotdog_shift_3.png,LPIPS,0.010344389826059341
Hotdog,Shift,3.0,Hotdog_shift_3.png,SSIM,0.7960531581394887
Hotdog,Shift,3.0,Hotdog_shift_3.png,PSNR,26.488314766854828
Hotdog,Shift,30.0,Hotdog_shift_30.png,LPIPS,0.1169719472527504
Hotdog,Shift,30.0,Hotdog_shift_30.png,SSIM,0.6784951606240656
Hotdog,Shift,30.0,Hotdog_shift_30.png,PSNR,17.49928659594852
Hotdog,Shift,4.0,Hotdog_shift_4.png,LPIPS,0.017161305993795395
Hotdog,Shift,4.0,Hotdog_shift_4.png,SSIM,0.7809082799623731
Hotdog,Shift,4.0,Hotdog_shift_4.png,PSNR,25.474979131570347
Hotdog,Shift,5.0,Hotdog_shift_5.png,LPIPS,0.023806851357221603
Hotdog,Shift,5.0,Hotdog_shift_5.png,SSIM,0.7704769869745259
Hotdog,Shift,5.0,Hotdog_shift_5.png,PSNR,24.661450384145283
Hotdog,Shift,8.0,Hotdog_shift_8.png,LPIPS,0.04269200563430786
Hotdog,Shift,8.0,Hotdog_shift_8.png,SSIM,0.7502832841942518
Hotdog,Shift,8.0,Hotdog_shift_8.png,PSNR,22.72930823160092
Ziemniaki,Blur,0.0,Ziemniaki_blur_0.bmp,LPIPS,0.0
Ziemniaki,Blur,0.0,Ziemniaki_blur_0.bmp,SSIM,1.0
Ziemniaki,Blur,0.0,Ziemniaki_blur_0.bmp,PSNR,inf
Ziemniaki,Blur,1.0,Ziemniaki_blur_1.png,LPIPS,0.00035766203654929996
Ziemniaki,Blur,1.0,Ziemniaki_blur_1.png,SSIM,0.8482049387625076
Ziemniaki,Blur,1.0,Ziemniaki_blur_1.png,PSNR,28.634464465631936
Ziemniaki,Blur,10.0,Ziemniaki_blur_10.png,LPIPS,0.24839121103286743
Ziemniaki,Blur,10.0,Ziemniaki_blur_10.png,SSIM,0.32613903588851034
Ziemniaki,Blur,10.0,Ziemniaki_blur_10.png,PSNR,21.238015804374104
Ziemniaki,Blur,100.0,Ziemniaki_blur_100.png,LPIPS,0.7308537364006042
Ziemniaki,Blur,100.0,Ziemniaki_blur_100.png,SSIM,0.30899263808959204
Ziemniaki,Blur,100.0,Ziemniaki_blur_100.png,PSNR,18.367090917281686
Ziemniaki,Blur,100.0,Ziemniaki_blur_100_0.png,LPIPS,0.7308537364006042
Ziemniaki,Blur,100.0,Ziemniaki_blur_100_0.png,SSIM,0.30899263808959204
Ziemniaki,Blur,100.0,Ziemniaki_blur_100_0.png,PSNR,18.367090917281686
Ziemniaki,Blur,10.0,Ziemniaki_blur_10_0.png,LPIPS,0.24839121103286743
Ziemniaki,Blur,10.0,Ziemniaki_blur_10_0.png,SSIM,0.32613903588851034
Ziemniaki,Blur,10.0,Ziemniaki_blur_10_0.png,PSNR,21.238015804374104
Ziemniaki,Blur,15.0,Ziemniaki_blur_15.png,LPIPS,0.37158137559890747
Ziemniaki,Blur,15.0,Ziemniaki_blur_15.png,SSIM,0.3201728120939793
Ziemniaki,Blur,15.0,Ziemniaki_blur_15.png,PSNR,20.742559615194985
Ziemniaki,Blur,1.0,Ziemniaki_blur_1_0.png,LPIPS,0.00035766203654929996
Ziemniaki,Blur,1.0,Ziemniaki_blur_1_0.png,SSIM,0.8482049387625076
Ziemniaki,Blur,1.0,Ziemniaki_blur_1_0.png,PSNR,28.634464465631936
Ziemniaki,Blur,2.0,Ziemniaki_blur_2.png,LPIPS,0.0036472040228545666
Ziemniaki,Blur,2.0,Ziemniaki_blur_2.png,SSIM,0.5774938202217507
Ziemniaki,Blur,2.0,Ziemniaki_blur_2.png,PSNR,24.455551832385027
Ziemniaki,Blur,20.0,Ziemniaki_blur_20.png,LPIPS,0.4514441192150116
Ziemniaki,Blur,20.0,Ziemniaki_blur_20.png,SSIM,0.31847143853465654
Ziemniaki,Blur,20.0,Ziemniaki_blur_20.png,PSNR,20.425020822629453
Ziemniaki,Blur,2.0,Ziemniaki_blur_2_0.png,LPIPS,0.0036472040228545666
Ziemniaki,Blur,2.0,Ziemniaki_blur_2_0.png,SSIM,0.5774938202217507
Ziemniaki,Blur,2.0,Ziemniaki_blur_2_0.png,PSNR,24.455551832385027
Ziemniaki,Blur,30.0,Ziemniaki_blur_30.png,LPIPS,0.5493991374969482
Ziemniaki,Blur,30.0,Ziemniaki_blur_30.png,SSIM,0.3154016228828212
Ziemniaki,Blur,30.0,Ziemniaki_blur_30.png,PSNR,20.000893633751357
Ziemniaki,Blur,40.0,Ziemniaki_blur_40.png,LPIPS,0.5939277410507202
Ziemniaki,Blur,40.0,Ziemniaki_blur_40.png,SSIM,0.3136819172484553
Ziemniaki,Blur,40.0,Ziemniaki_blur_40.png,PSNR,19.702357629922574
Ziemniaki,Blur,5.0,Ziemniaki_blur_5.png,LPIPS,0.06584768742322922
Ziemniaki,Blur,5.0,Ziemniaki_blur_5.png,SSIM,0.36012185290818216
Ziemniaki,Blur,5.0,Ziemniaki_blur_5.png,PSNR,22.16859406048463
Ziemniaki,Blur,50.0,Ziemniaki_blur_50.png,LPIPS,0.6145800948143005
Ziemniaki,Blur,50.0,Ziemniaki_blur_50.png,SSIM,0.31268187328949587
Ziemniaki,Blur,50.0,Ziemniaki_blur_50.png,PSNR,19.44503465393286
Ziemniaki,Blur,5.0,Ziemniaki_blur_5_0.png,LPIPS,0.06584768742322922
Ziemniaki,Blur,5.0,Ziemniaki_blur_5_0.png,SSIM,0.36012185290818216
Ziemniaki,Blur,5.0,Ziemniaki_blur_5_0.png,PSNR,22.16859406048463
Ziemniaki,Blur,60.0,Ziemniaki_blur_60.png,LPIPS,0.6335964798927307
Ziemniaki,Blur,60.0,Ziemniaki_blur_60.png,SSIM,0.31195767483340103
Ziemniaki,Blur,60.0,Ziemniaki_blur_60.png,PSNR,19.207613625575714
Ziemniaki,Blur,70.0,Ziemniaki_blur_70.png,LPIPS,0.6564635634422302
Ziemniaki,Blur,70.0,Ziemniaki_blur_70.png,SSIM,0.3110420943547637
Ziemniaki,Blur,70.0,Ziemniaki_blur_70.png,PSNR,18.97017232368634
Ziemniaki,Blur,80.0,Ziemniaki_blur_80.png,LPIPS,0.6805056929588318
Ziemniaki,Blur,80.0,Ziemniaki_blur_80.png,SSIM,0.3102469085075037
Ziemniaki,Blur,80.0,Ziemniaki_blur_80.png,PSNR,18.7479471318087
Ziemniaki,Blur,90.0,Ziemniaki_blur_90.png,LPIPS,0.7067910432815552
Ziemniaki,Blur,90.0,Ziemniaki_blur_90.png,SSIM,0.3096248273368844
Ziemniaki,Blur,90.0,Ziemniaki_blur_90.png,PSNR,18.54633079799794
Ziemniaki,Brightness,0.0,Ziemniaki_brightness_0.bmp,LPIPS,0.0
Ziemniaki,Brightness,0.0,Ziemniaki_brightness_0.bmp,SSIM,1.0
Ziemniaki,Brightness,0.0,Ziemniaki_brightness_0.bmp,PSNR,inf
Ziemniaki,Brightness,1.0,Ziemniaki_brightness_1.png,LPIPS,0.0
Ziemniaki,Brightness,1.0,Ziemniaki_brightness_1.png,SSIM,1.0
Ziemniaki,Brightness,1.0,Ziemniaki_brightness_1.png,PSNR,inf
Ziemniaki,Brightness,10.0,Ziemniaki_brightness_10.png,LPIPS,0.8713983297348022
Ziemniaki,Brightness,10.0,Ziemniaki_brightness_10.png,SSIM,0.25083981512760384
Ziemniaki,Brightness,10.0,Ziemniaki_brightness_10.png,PSNR,5.75869740964084
Ziemniaki,Brightness,12.0,Ziemniaki_brightness_12.png,LPIPS,0.878818690776825
Ziemniaki,Brightness,12.0,Ziemniaki_brightness_12.png,SSIM,0.2503991847852935
Ziemniaki,Brightness,12.0,Ziemniaki_brightness_12.png,PSNR,5.752153128981478
Ziemniaki,Brightness,14.0,Ziemniaki_brightness_14.png,LPIPS,0.88287752866745
Ziemniaki,Brightness,14.0,Ziemniaki_brightness_14.png,SSIM,0.2502458049502739
Ziemniaki,Brightness,14.0,Ziemniaki_brightness_14.png,PSNR,5.748105568392079
Ziemniaki,Brightness,16.0,Ziemniaki_brightness_16.png,LPIPS,0.8848240971565247
Ziemniaki,Brightness,16.0,Ziemniaki_brightness_16.png,SSIM,0.25017950026299035
Ziemniaki,Brightness,16.0,Ziemniaki_brightness_16.png,PSNR,5.7449358824644445
Ziemniaki,Brightness,18.0,Ziemniaki_brightness_18.png,LPIPS,0.8866092562675476
Ziemniaki,Brightness,18.0,Ziemniaki_brightness_18.png,SSIM,0.25014872254420345
Ziemniaki,Brightness,18.0,Ziemniaki_brightness_18.png,PSNR,5.742296760432466
Ziemniaki,Brightness,2.0,Ziemniaki_brightness_2.png,LPIPS,0.29784682393074036
Ziemniaki,Brightness,2.0,Ziemniaki_brightness_2.png,SSIM,0.6192612335673259
Ziemniaki,Brightness,2.0,Ziemniaki_brightness_2.png,PSNR,8.503695527661263
Ziemniaki,Brightness,20.0,Ziemniaki_brightness_20.png,LPIPS,0.8884268999099731
Ziemniaki,Brightness,20.0,Ziemniaki_brightness_20.png,SSIM,0.25013408001370996
Ziemniaki,Brightness,20.0,Ziemniaki_brightness_20.png,PSNR,5.7400982593013214
Ziemniaki,Brightness,3.0,Ziemniaki_brightness_3.png,LPIPS,0.651003360748291
Ziemniaki,Brightness,3.0,Ziemniaki_brightness_3.png,SSIM,0.33769129172234963
Ziemniaki,Brightness,3.0,Ziemniaki_brightness_3.png,PSNR,6.594460270049623
Ziemniaki,Brightness,4.0,Ziemniaki_brightness_4.png,LPIPS,0.750037431716919
Ziemniaki,Brightness,4.0,Ziemniaki_brightness_4.png,SSIM,0.2838075199586297
Ziemniaki,Brightness,4.0,Ziemniaki_brightness_4.png,PSNR,6.130768045727832
Ziemniaki,Brightness,5.0,Ziemniaki_brightness_5.png,LPIPS,0.7995453476905823
Ziemniaki,Brightness,5.0,Ziemniaki_brightness_5.png,SSIM,0.2665276533034873
Ziemniaki,Brightness,5.0,Ziemniaki_brightness_5.png,PSNR,5.9306439546598275
Ziemniaki,Brightness,6.0,Ziemniaki_brightness_6.png,LPIPS,0.8207794427871704
Ziemniaki,Brightness,6.0,Ziemniaki_brightness_6.png,SSIM,0.25859871292500913
Ziemniaki,Brightness,6.0,Ziemniaki_brightness_6.png,PSNR,5.839135278800217
Ziemniaki,Brightness,7.0,Ziemniaki_brightness_7.png,LPIPS,0.8399507999420166
Ziemniaki,Brightness,7.0,Ziemniaki_brightness_7.png,SSIM,0.25452449565893076
Ziemniaki,Brightness,7.0,Ziemniaki_brightness_7.png,PSNR,5.795772517369181
Ziemniaki,Brightness,8.0,Ziemniaki_brightness_8.png,LPIPS,0.8525925278663635
Ziemniaki,Brightness,8.0,Ziemniaki_brightness_8.png,SSIM,0.2524106471418683
Ziemniaki,Brightness,8.0,Ziemniaki_brightness_8.png,PSNR,5.774995305968426
Ziemniaki,Brightness,9.0,Ziemniaki_brightness_9.png,LPIPS,0.8638596534729004
Ziemniaki,Brightness,9.0,Ziemniaki_brightness_9.png,SSIM,0.25136828905662567
Ziemniaki,Brightness,9.0,Ziemniaki_brightness_9.png,PSNR,5.764582542506748
Ziemniaki,Circularblur,0.0,Ziemniaki_circularBlur_0.bmp,LPIPS,0.0
Ziemniaki,Circularblur,0.0,Ziemniaki_circularBlur_0.bmp,SSIM,1.0
Ziemniaki,Circularblur,0.0,Ziemniaki_circularBlur_0.bmp,PSNR,inf
Ziemniaki,Circularblur,11.0,Ziemniaki_circularBlur_11.png,LPIPS,0.1017899364233017
Ziemniaki,Circularblur,11.0,Ziemniaki_circularBlur_11.png,SSIM,0.32913960857747165
Ziemniaki,Circularblur,11.0,Ziemniaki_circularBlur_11.png,PSNR,21.704617600632652
Ziemniaki,Circularblur,13.0,Ziemniaki_circularBlur_13.png,LPIPS,0.14614246785640717
Ziemniaki,Circularblur,13.0,Ziemniaki_circularBlur_13.png,SSIM,0.3251586578765933
Ziemniaki,Circularblur,13.0,Ziemniaki_circularBlur_13.png,PSNR,21.504436684219254
Ziemniaki,Circularblur,15.0,Ziemniaki_circularBlur_15.png,LPIPS,0.1895158588886261
Ziemniaki,Circularblur,15.0,Ziemniaki_circularBlur_15.png,SSIM,0.3228215773553453
Ziemniaki,Circularblur,15.0,Ziemniaki_circularBlur_15.png,PSNR,21.328058778710112
Ziemniaki,Circularblur,20.0,Ziemniaki_circularBlur_20.png,LPIPS,0.28231629729270935
Ziemniaki,Circularblur,20.0,Ziemniaki_circularBlur_20.png,SSIM,0.319577296747464
Ziemniaki,Circularblur,20.0,Ziemniaki_circularBlur_20.png,PSNR,20.97072691739099
Ziemniaki,Circularblur,25.0,Ziemniaki_circularBlur_25.png,LPIPS,0.3467675447463989
Ziemniaki,Circularblur,25.0,Ziemniaki_circularBlur_25.png,SSIM,0.31796803763002884
Ziemniaki,Circularblur,25.0,Ziemniaki_circularBlur_25.png,PSNR,20.69203549679702
Ziemniaki,Circularblur,3.0,Ziemniaki_circularBlur_3.png,LPIPS,0.0014563415898010135
Ziemniaki,Circularblur,3.0,Ziemniaki_circularBlur_3.png,SSIM,0.5900191033553058
Ziemniaki,Circularblur,3.0,Ziemniaki_circularBlur_3.png,PSNR,24.597159687196253
Ziemniaki,Circularblur,30.0,Ziemniaki_circularBlur_30.png,LPIPS,0.3813832402229309
Ziemniaki,Circularblur,30.0,Ziemniaki_circularBlur_30.png,SSIM,0.3169842991093674
Ziemniaki,Circularblur,30.0,Ziemniaki_circularBlur_30.png,PSNR,20.4743596119554
Ziemniaki,Circularblur,5.0,Ziemniaki_circularBlur_5.png,LPIPS,0.009249037131667137
Ziemniaki,Circularblur,5.0,Ziemniaki_circularBlur_5.png,SSIM,0.3985868836768096
Ziemniaki,Circularblur,5.0,Ziemniaki_circularBlur_5.png,PSNR,22.826785055759228
Ziemniaki,Circularblur,7.0,Ziemniaki_circularBlur_7.png,LPIPS,0.026114696636795998
Ziemniaki,Circularblur,7.0,Ziemniaki_circularBlur_7.png,SSIM,0.353421023192762
Ziemniaki,Circularblur,7.0,Ziemniaki_circularBlur_7.png,PSNR,22.314337426396055
Ziemniaki,Circularblur,9.0,Ziemniaki_circularBlur_9.png,LPIPS,0.059538472443819046
Ziemniaki,Circularblur,9.0,Ziemniaki_circularBlur_9.png,SSIM,0.33608402792992403
Ziemniaki,Circularblur,9.0,Ziemniaki_circularBlur_9.png,PSNR,21.94838821889633
Ziemniaki,Dilation,0.0,Ziemniaki_dilation_0.bmp,LPIPS,0.0
Ziemniaki,Dilation,0.0,Ziemniaki_dilation_0.bmp,SSIM,1.0
Ziemniaki,Dilation,0.0,Ziemniaki_dilation_0.bmp,PSNR,inf
Ziemniaki,Dilation,11.0,Ziemniaki_dilation_11.png,LPIPS,0.3406379520893097
Ziemniaki,Dilation,11.0,Ziemniaki_dilation_11.png,SSIM,0.260499270690473
Ziemniaki,Dilation,11.0,Ziemniaki_dilation_11.png,PSNR,12.392314708813457
Ziemniaki,Dilation,15.0,Ziemniaki_dilation_15.png,LPIPS,0.4011070430278778
Ziemniaki,Dilation,15.0,Ziemniaki_dilation_15.png,SSIM,0.2639291435946099
Ziemniaki,Dilation,15.0,Ziemniaki_dilation_15.png,PSNR,11.55968559871608
Ziemniaki,Dilation,18.0,Ziemniaki_dilation_18.png,LPIPS,0.4605521559715271
Ziemniaki,Dilation,18.0,Ziemniaki_dilation_18.png,SSIM,0.2655098584541507
Ziemniaki,Dilation,18.0,Ziemniaki_dilation_18.png,PSNR,11.077542902502682
Ziemniaki,Dilation,20.0,Ziemniaki_dilation_20.png,LPIPS,0.4978889226913452
Ziemniaki,Dilation,20.0,Ziemniaki_dilation_20.png,SSIM,0.2664272256525121
Ziemniaki,Dilation,20.0,Ziemniaki_dilation_20.png,PSNR,10.807302833035443
Ziemniaki,Dilation,25.0,Ziemniaki_dilation_25.png,LPIPS,0.5488573908805847
Ziemniaki,Dilation,25.0,Ziemniaki_dilation_25.png,SSIM,0.2670580138638646
Ziemniaki,Dilation,25.0,Ziemniaki_dilation_25.png,PSNR,10.259823735702973
Ziemniaki,Dilation,3.0,Ziemniaki_dilation_3.png,LPIPS,0.13438014686107635
Ziemniaki,Dilation,3.0,Ziemniaki_dilation_3.png,SSIM,0.37044631406942913
Ziemniaki,Dilation,3.0,Ziemniaki_dilation_3.png,PSNR,16.726039069888017
Ziemniaki,Dilation,5.0,Ziemniaki_dilation_5.png,LPIPS,0.20356924831867218
Ziemniaki,Dilation,5.0,Ziemniaki_dilation_5.png,SSIM,0.27372574245432085
Ziemniaki,Dilation,5.0,Ziemniaki_dilation_5.png,PSNR,14.837636050897519
Ziemniaki,Dilation,7.0,Ziemniaki_dilation_7.png,LPIPS,0.25946998596191406
Ziemniaki,Dilation,7.0,Ziemniaki_dilation_7.png,SSIM,0.2554767290202455
Ziemniaki,Dilation,7.0,Ziemniaki_dilation_7.png,PSNR,13.737864084751356
Ziemniaki,Dilation,9.0,Ziemniaki_dilation_9.png,LPIPS,0.2995857000350952
Ziemniaki,Dilation,9.0,Ziemniaki_dilation_9.png,SSIM,0.25689252502937043
Ziemniaki,Dilation,9.0,Ziemniaki_dilation_9.png,PSNR,12.989752899383454
Ziemniaki,Hole,0.0,Ziemniaki_hole_0.bmp,LPIPS,0.0
Ziemniaki,Hole,0.0,Ziemniaki_hole_0.bmp,SSIM,1.0
Ziemniaki,Hole,0.0,Ziemniaki_hole_0.bmp,PSNR,inf
Ziemniaki,Hole,0.05,Ziemniaki_hole_0_05.png,LPIPS,0.05497806891798973
Ziemniaki,Hole,0.05,Ziemniaki_hole_0_05.png,SSIM,0.996306046035086
Ziemniaki,Hole,0.05,Ziemniaki_hole_0_05.png,PSNR,29.60380427064287
Ziemniaki,Hole,0.1,Ziemniaki_hole_0_1.png,LPIPS,0.0814817026257515
Ziemniaki,Hole,0.1,Ziemniaki_hole_0_1.png,SSIM,0.9854291862379855
Ziemniaki,Hole,0.1,Ziemniaki_hole_0_1.png,PSNR,23.73620364913296
Ziemniaki,Hole,0.15,Ziemniaki_hole_0_15.png,LPIPS,0.10554944723844528
Ziemniaki,Hole,0.15,Ziemniaki_hole_0_15.png,SSIM,0.9673053133377624
Ziemniaki,Hole,0.15,Ziemniaki_hole_0_15.png,PSNR,20.39609427341327
Ziemniaki,Hole,0.2,Ziemniaki_hole_0_2.png,LPIPS,0.13488472998142242
Ziemniaki,Hole,0.2,Ziemniaki_hole_0_2.png,SSIM,0.9420280223380365
Ziemniaki,Hole,0.2,Ziemniaki_hole_0_2.png,PSNR,18.06134507498838
Ziemniaki,Hole,0.3,Ziemniaki_hole_0_3.png,LPIPS,0.21589958667755127
Ziemniaki,Hole,0.3,Ziemniaki_hole_0_3.png,SSIM,0.8703718816473135
Ziemniaki,Hole,0.3,Ziemniaki_hole_0_3.png,PSNR,14.441674144129292
Ziemniaki,Hole,0.4,Ziemniaki_hole_0_4.png,LPIPS,0.3007558286190033
Ziemniaki,Hole,0.4,Ziemniaki_hole_0_4.png,SSIM,0.7696801761118879
Ziemniaki,Hole,0.4,Ziemniaki_hole_0_4.png,PSNR,12.040394462665372
Ziemniaki,Hole,0.5,Ziemniaki_hole_0_5.png,LPIPS,0.36754733324050903
Ziemniaki,Hole,0.5,Ziemniaki_hole_0_5.png,SSIM,0.640582643877369
Ziemniaki,Hole,0.5,Ziemniaki_hole_0_5.png,PSNR,10.275081065804008
Ziemniaki,Hole,0.6,Ziemniaki_hole_0_6.png,LPIPS,0.47497880458831787
Ziemniaki,Hole,0.6,Ziemniaki_hole_0_6.png,SSIM,0.5258118445876737
Ziemniaki,Hole,0.6,Ziemniaki_hole_0_6.png,PSNR,8.953854375093265
Ziemniaki,Hole,0.8,Ziemniaki_hole_0_8.png,LPIPS,0.7237644791603088
Ziemniaki,Hole,0.8,Ziemniaki_hole_0_8.png,SSIM,0.323198261128339
Ziemniaki,Hole,0.8,Ziemniaki_hole_0_8.png,PSNR,7.63666815153218
Ziemniaki,Hole,1.0,Ziemniaki_hole_1.png,LPIPS,0.9207378625869751
Ziemniaki,Hole,1.0,Ziemniaki_hole_1.png,SSIM,0.13007958326087962
Ziemniaki,Hole,1.0,Ziemniaki_hole_1.png,PSNR,6.30116690830039
Ziemniaki,Noise,0.0,Ziemniaki_noise_0.bmp,LPIPS,0.0
Ziemniaki,Noise,0.0,Ziemniaki_noise_0.bmp,SSIM,1.0
Ziemniaki,Noise,0.0,Ziemniaki_noise_0.bmp,PSNR,inf
Ziemniaki,Noise,0.01,Ziemniaki_noise_0_01.png,LPIPS,0.00023592737852595747
Ziemniaki,Noise,0.01,Ziemniaki_noise_0_01.png,SSIM,0.999011705127133
Ziemniaki,Noise,0.01,Ziemniaki_noise_0_01.png,PSNR,51.14293355915792
Ziemniaki,Noise,0.05,Ziemniaki_noise_0_05.png,LPIPS,0.0002384142717346549
Ziemniaki,Noise,0.05,Ziemniaki_noise_0_05.png,SSIM,0.9990117124162481
Ziemniaki,Noise,0.05,Ziemniaki_noise_0_05.png,PSNR,51.142808589170244
Ziemniaki,Noise,0.1,Ziemniaki_noise_0_1.png,LPIPS,0.00023238762514665723
Ziemniaki,Noise,0.1,Ziemniaki_noise_0_1.png,SSIM,0.9990117308651438
Ziemniaki,Noise,0.1,Ziemniaki_noise_0_1.png,PSNR,51.13961888096695
Ziemniaki,Noise,0.25,Ziemniaki_noise_0_25.png,LPIPS,0.00023302675981540233
Ziemniaki,Noise,0.25,Ziemniaki_noise_0_25.png,SSIM,0.9990113190840546
Ziemniaki,Noise,0.25,Ziemniaki_noise_0_25.png,PSNR,51.14070483259711
Ziemniaki,Noise,0.5,Ziemniaki_noise_0_5.png,LPIPS,0.00022744675516150892
Ziemniaki,Noise,0.5,Ziemniaki_noise_0_5.png,SSIM,0.9986562406187695
Ziemniaki,Noise,0.5,Ziemniaki_noise_0_5.png,PSNR,50.41286330252927
Ziemniaki,Noise,0.8,Ziemniaki_noise_0_8.png,LPIPS,0.00024181007756851614
Ziemniaki,Noise,0.8,Ziemniaki_noise_0_8.png,SSIM,0.9971780204257344
Ziemniaki,Noise,0.8,Ziemniaki_noise_0_8.png,PSNR,48.24889786663527
Ziemniaki,Rotate,0.0,Ziemniaki_rotate_0.bmp,LPIPS,0.0
Ziemniaki,Rotate,0.0,Ziemniaki_rotate_0.bmp,SSIM,1.0
Ziemniaki,Rotate,0.0,Ziemniaki_rotate_0.bmp,PSNR,inf
Ziemniaki,Rotate,1.0,Ziemniaki_rotate_1.png,LPIPS,0.08819670975208282
Ziemniaki,Rotate,1.0,Ziemniaki_rotate_1.png,SSIM,0.1965397749741965
Ziemniaki,Rotate,1.0,Ziemniaki_rotate_1.png,PSNR,16.445109676949738
Ziemniaki,Rotate,10.0,Ziemniaki_rotate_10.png,LPIPS,0.34493905305862427
Ziemniaki,Rotate,10.0,Ziemniaki_rotate_10.png,SSIM,0.14646601602761722
Ziemniaki,Rotate,10.0,Ziemniaki_rotate_10.png,PSNR,11.766491347548016
Ziemniaki,Rotate,2.0,Ziemniaki_rotate_2.png,LPIPS,0.13520585000514984
Ziemniaki,Rotate,2.0,Ziemniaki_rotate_2.png,SSIM,0.18594875601494879
Ziemniaki,Rotate,2.0,Ziemniaki_rotate_2.png,PSNR,15.342441578054135
Ziemniaki,Rotate,20.0,Ziemniaki_rotate_20.png,LPIPS,0.4930684268474579
Ziemniaki,Rotate,20.0,Ziemniaki_rotate_20.png,SSIM,0.12196895988537387
Ziemniaki,Rotate,20.0,Ziemniaki_rotate_20.png,PSNR,10.157654774288831
Ziemniaki,Rotate,30.0,Ziemniaki_rotate_30.png,LPIPS,0.5955860614776611
Ziemniaki,Rotate,30.0,Ziemniaki_rotate_30.png,SSIM,0.10615532333561385
Ziemniaki,Rotate,30.0,Ziemniaki_rotate_30.png,PSNR,9.245168657462683
Ziemniaki,Rotate,40.0,Ziemniaki_rotate_40.png,LPIPS,0.6576843857765198
Ziemniaki,Rotate,40.0,Ziemniaki_rotate_40.png,SSIM,0.09167727481461542
Ziemniaki,Rotate,40.0,Ziemniaki_rotate_40.png,PSNR,8.551943798043236
Ziemniaki,Rotate,45.0,Ziemniaki_rotate_45.png,LPIPS,0.6804999113082886
Ziemniaki,Rotate,45.0,Ziemniaki_rotate_45.png,SSIM,0.08145349844810683
Ziemniaki,Rotate,45.0,Ziemniaki_rotate_45.png,PSNR,8.252891021724162
Ziemniaki,Rotate,5.0,Ziemniaki_rotate_5.png,LPIPS,0.22996710240840912
Ziemniaki,Rotate,5.0,Ziemniaki_rotate_5.png,SSIM,0.1673792224852022
Ziemniaki,Rotate,5.0,Ziemniaki_rotate_5.png,PSNR,13.371056350213056
Ziemniaki,Rotate,60.0,Ziemniaki_rotate_60.png,LPIPS,0.7267473936080933
Ziemniaki,Rotate,60.0,Ziemniaki_rotate_60.png,SSIM,0.059323510498328826
Ziemniaki,Rotate,60.0,Ziemniaki_rotate_60.png,PSNR,7.498995198492748
Ziemniaki,Rotate,75.0,Ziemniaki_rotate_75.png,LPIPS,0.7508370876312256
Ziemniaki,Rotate,75.0,Ziemniaki_rotate_75.png,SSIM,0.04917398229416491
Ziemniaki,Rotate,75.0,Ziemniaki_rotate_75.png,PSNR,7.247241662046862
Ziemniaki,Rotate,90.0,Ziemniaki_rotate_90.png,LPIPS,0.7807269096374512
Ziemniaki,Rotate,90.0,Ziemniaki_rotate_90.png,SSIM,0.04208435298824139
Ziemniaki,Rotate,90.0,Ziemniaki_rotate_90.png,PSNR,7.074272156280409
Ziemniaki,Saturation,0.0,Ziemniaki_saturation_0.bmp,LPIPS,0.0
Ziemniaki,Saturation,0.0,Ziemniaki_saturation_0.bmp,SSIM,1.0
Ziemniaki,Saturation,0.0,Ziemniaki_saturation_0.bmp,PSNR,inf
Ziemniaki,Saturation,10.0,Ziemniaki_saturation_10.png,LPIPS,0.3858625590801239
Ziemniaki,Saturation,10.0,Ziemniaki_saturation_10.png,SSIM,0.7678071578239026
Ziemniaki,Saturation,10.0,Ziemniaki_saturation_10.png,PSNR,14.039109313891615
Ziemniaki,Saturation,1.1,Ziemniaki_saturation_1_1.png,LPIPS,0.001464699860662222
Ziemniaki,Saturation,1.1,Ziemniaki_saturation_1_1.png,SSIM,0.9996426223092986
Ziemniaki,Saturation,1.1,Ziemniaki_saturation_1_1.png,PSNR,47.0789900037789
Ziemniaki,Saturation,1.5,Ziemniaki_saturation_1_5.png,LPIPS,0.01912001520395279
Ziemniaki,Saturation,1.5,Ziemniaki_saturation_1_5.png,SSIM,0.9972738283423895
Ziemniaki,Saturation,1.5,Ziemniaki_saturation_1_5.png,PSNR,34.588790813435494
Ziemniaki,Saturation,2.0,Ziemniaki_saturation_2.png,LPIPS,0.05505216494202614
Ziemniaki,Saturation,2.0,Ziemniaki_saturation_2.png,SSIM,0.9890378451231099
Ziemniaki,Saturation,2.0,Ziemniaki_saturation_2.png,PSNR,28.762114675871153
Ziemniaki,Saturation,3.0,Ziemniaki_saturation_3.png,LPIPS,0.12843121588230133
Ziemniaki,Saturation,3.0,Ziemniaki_saturation_3.png,SSIM,0.9590037641585729
Ziemniaki,Saturation,3.0,Ziemniaki_saturation_3.png,PSNR,23.25273530667722
Ziemniaki,Saturation,4.0,Ziemniaki_saturation_4.png,LPIPS,0.1845487505197525
Ziemniaki,Saturation,4.0,Ziemniaki_saturation_4.png,SSIM,0.9249255257605591
Ziemniaki,Saturation,4.0,Ziemniaki_saturation_4.png,PSNR,20.484299202209158
Ziemniaki,Saturation,5.0,Ziemniaki_saturation_5.png,LPIPS,0.23147070407867432
Ziemniaki,Saturation,5.0,Ziemniaki_saturation_5.png,SSIM,0.8938078931400121
Ziemniaki,Saturation,5.0,Ziemniaki_saturation_5.png,PSNR,18.701768368768157
Ziemniaki,Saturation,6.0,Ziemniaki_saturation_6.png,LPIPS,0.2715397775173187
Ziemniaki,Saturation,6.0,Ziemniaki_saturation_6.png,SSIM,0.8649061969058732
Ziemniaki,Saturation,6.0,Ziemniaki_saturation_6.png,PSNR,17.365553517080087
Ziemniaki,Saturation,7.0,Ziemniaki_saturation_7.png,LPIPS,0.30607596039772034
Ziemniaki,Saturation,7.0,Ziemniaki_saturation_7.png,SSIM,0.8381172804901865
Ziemniaki,Saturation,7.0,Ziemniaki_saturation_7.png,PSNR,16.305863885995038
Ziemniaki,Saturation,8.0,Ziemniaki_saturation_8.png,LPIPS,0.336497962474823
Ziemniaki,Saturation,8.0,Ziemniaki_saturation_8.png,SSIM,0.8131234743215353
Ziemniaki,Saturation,8.0,Ziemniaki_saturation_8.png,PSNR,15.430078625942866
Ziemniaki,Saturation,9.0,Ziemniaki_saturation_9.png,LPIPS,0.3625190854072571
Ziemniaki,Saturation,9.0,Ziemniaki_saturation_9.png,SSIM,0.7897757838159802
Ziemniaki,Saturation,9.0,Ziemniaki_saturation_9.png,PSNR,14.683491571918966
Ziemniaki,Shift,0.0,Ziemniaki_shift_0.bmp,LPIPS,0.0
Ziemniaki,Shift,0.0,Ziemniaki_shift_0.bmp,SSIM,1.0
Ziemniaki,Shift,0.0,Ziemniaki_shift_0.bmp,PSNR,inf
Ziemniaki,Shift,1.0,Ziemniaki_shift_1.png,LPIPS,0.0022840751335024834
Ziemniaki,Shift,1.0,Ziemniaki_shift_1.png,SSIM,0.5268712602923531
Ziemniaki,Shift,1.0,Ziemniaki_shift_1.png,PSNR,21.66295237492738
Ziemniaki,Shift,10.0,Ziemniaki_shift_10.png,LPIPS,0.08862107992172241
Ziemniaki,Shift,10.0,Ziemniaki_shift_10.png,SSIM,0.18862870571974347
Ziemniaki,Shift,10.0,Ziemniaki_shift_10.png,PSNR,16.57375817245375
Ziemniaki,Shift,15.0,Ziemniaki_shift_15.png,LPIPS,0.118414007127285
Ziemniaki,Shift,15.0,Ziemniaki_shift_15.png,SSIM,0.1818281503718431
Ziemniaki,Shift,15.0,Ziemniaki_shift_15.png,PSNR,15.797727405788551
Ziemniaki,Shift,2.0,Ziemniaki_shift_2.png,LPIPS,0.009118365123867989
Ziemniaki,Shift,2.0,Ziemniaki_shift_2.png,SSIM,0.19207600196295527
Ziemniaki,Shift,2.0,Ziemniaki_shift_2.png,PSNR,18.844733540958032
Ziemniaki,Shift,20.0,Ziemniaki_shift_20.png,LPIPS,0.1389865279197693
Ziemniaki,Shift,20.0,Ziemniaki_shift_20.png,SSIM,0.17733566273895587
Ziemniaki,Shift,20.0,Ziemniaki_shift_20.png,PSNR,15.234450154743742
Ziemniaki,Shift,25.0,Ziemniaki_shift_25.png,LPIPS,0.14902061223983765
Ziemniaki,Shift,25.0,Ziemniaki_shift_25.png,SSIM,0.17454472064038754
Ziemniaki,Shift,25.0,Ziemniaki_shift_25.png,PSNR,14.809628855501547
Ziemniaki,Shift,3.0,Ziemniaki_shift_3.png,LPIPS,0.020172782242298126
Ziemniaki,Shift,3.0,Ziemniaki_shift_3.png,SSIM,0.1759558916381874
Ziemniaki,Shift,3.0,Ziemniaki_shift_3.png,PSNR,18.293298997931732
Ziemniaki,Shift,30.0,Ziemniaki_shift_30.png,LPIPS,0.1625952422618866
Ziemniaki,Shift,30.0,Ziemniaki_shift_30.png,SSIM,0.17134729396284895
Ziemniaki,Shift,30.0,Ziemniaki_shift_30.png,PSNR,14.450928387266478
Ziemniaki,Shift,4.0,Ziemniaki_shift_4.png,LPIPS,0.03360253944993019
Ziemniaki,Shift,4.0,Ziemniaki_shift_4.png,SSIM,0.18893884739782232
Ziemniaki,Shift,4.0,Ziemniaki_shift_4.png,PSNR,17.980724000649467
Ziemniaki,Shift,5.0,Ziemniaki_shift_5.png,LPIPS,0.045607928186655045
Ziemniaki,Shift,5.0,Ziemniaki_shift_5.png,SSIM,0.19234833455736025
Ziemniaki,Shift,5.0,Ziemniaki_shift_5.png,PSNR,17.679745182829592
Ziemniaki,Shift,8.0,Ziemniaki_shift_8.png,LPIPS,0.07486619055271149
Ziemniaki,Shift,8.0,Ziemniaki_shift_8.png,SSIM,0.19108668671584572
Ziemniaki,Shift,8.0,Ziemniaki_shift_8.png,PSNR,16.954584919217943
