Picture,DistortionType,DistortionValue,Filename,Metric,Method,Value
Degus,Blur,0.0,Degus_blur_0.bmp,LPIPS,LPIPS_lpips,0.0
Degus,Blur,0.0,Degus_blur_0.bmp,SSIM,SSIM_skimage,1.0
Degus,Blur,0.0,Degus_blur_0.bmp,PSNR,PSNR_skimage,inf
Degus,Blur,0.0,Degus_blur_0.bmp,UIQI,UIQI_torch,0.9867
Degus,Blur,0.0,Degus_blur_0.bmp,VIF,VIF_Torch,1.0
Degus,Blur,1.0,Degus_blur_1.png,LPIPS,LPIPS_lpips,0.0008994211093522608
Degus,Blur,1.0,Degus_blur_1.png,SSIM,SSIM_skimage,0.8976249494584144
Degus,Blur,1.0,Degus_blur_1.png,PSNR,PSNR_skimage,31.593196054896985
Degus,Blur,1.0,Degus_blur_1.png,UIQI,UIQI_torch,0.6549
Degus,Blur,1.0,Degus_blur_1.png,VIF,VIF_Torch,1.4412
Degus,Blur,10.0,Degus_blur_10.png,LPIPS,LPIPS_lpips,0.36563777923583984
Degus,Blur,10.0,Degus_blur_10.png,SSIM,SSIM_skimage,0.47814219571868605
Degus,Blur,10.0,Degus_blur_10.png,PSNR,PSNR_skimage,22.35737505437789
Degus,Blur,10.0,Degus_blur_10.png,UIQI,UIQI_torch,0.0214
Degus,Blur,10.0,Degus_blur_10.png,VIF,VIF_Torch,6.144
Degus,Blur,12.5,Degus_blur_12_5.png,LPIPS,LPIPS_lpips,0.423417329788208
Degus,Blur,12.5,Degus_blur_12_5.png,SSIM,SSIM_skimage,0.47176504331063024
Degus,Blur,12.5,Degus_blur_12_5.png,PSNR,PSNR_skimage,22.148513271038254
Degus,Blur,12.5,Degus_blur_12_5.png,UIQI,UIQI_torch,0.016
Degus,Blur,12.5,Degus_blur_12_5.png,VIF,VIF_Torch,6.8433
Degus,Blur,15.0,Degus_blur_15.png,LPIPS,LPIPS_lpips,0.4629265069961548
Degus,Blur,15.0,Degus_blur_15.png,SSIM,SSIM_skimage,0.4678360180910435
Degus,Blur,15.0,Degus_blur_15.png,PSNR,PSNR_skimage,21.986124971828872
Degus,Blur,15.0,Degus_blur_15.png,UIQI,UIQI_torch,0.0128
Degus,Blur,15.0,Degus_blur_15.png,VIF,VIF_Torch,7.9189
Degus,Blur,2.0,Degus_blur_2.png,LPIPS,LPIPS_lpips,0.011541439220309258
Degus,Blur,2.0,Degus_blur_2.png,SSIM,SSIM_skimage,0.7464395500595543
Degus,Blur,2.0,Degus_blur_2.png,PSNR,PSNR_skimage,26.93947905145531
Degus,Blur,2.0,Degus_blur_2.png,UIQI,UIQI_torch,0.3465
Degus,Blur,2.0,Degus_blur_2.png,VIF,VIF_Torch,2.3734
Degus,Blur,3.0,Degus_blur_3.png,LPIPS,LPIPS_lpips,0.04448229447007179
Degus,Blur,3.0,Degus_blur_3.png,SSIM,SSIM_skimage,0.626053454078401
Degus,Blur,3.0,Degus_blur_3.png,PSNR,PSNR_skimage,24.858291641326083
Degus,Blur,3.0,Degus_blur_3.png,UIQI,UIQI_torch,0.1827
Degus,Blur,3.0,Degus_blur_3.png,VIF,VIF_Torch,3.3747
Degus,Blur,5.0,Degus_blur_5.png,LPIPS,LPIPS_lpips,0.16062822937965393
Degus,Blur,5.0,Degus_blur_5.png,SSIM,SSIM_skimage,0.524229339674856
Degus,Blur,5.0,Degus_blur_5.png,PSNR,PSNR_skimage,23.31790458930542
Degus,Blur,5.0,Degus_blur_5.png,UIQI,UIQI_torch,0.0676
Degus,Blur,5.0,Degus_blur_5.png,VIF,VIF_Torch,4.6417
Degus,Blur,7.5,Degus_blur_7_5.png,LPIPS,LPIPS_lpips,0.2878529131412506
Degus,Blur,7.5,Degus_blur_7_5.png,SSIM,SSIM_skimage,0.49092004380755183
Degus,Blur,7.5,Degus_blur_7_5.png,PSNR,PSNR_skimage,22.67656730461742
Degus,Blur,7.5,Degus_blur_7_5.png,UIQI,UIQI_torch,0.0339
Degus,Blur,7.5,Degus_blur_7_5.png,VIF,VIF_Torch,5.6337
Degus,Brightness,0.0,Degus_brightness_0.bmp,LPIPS,LPIPS_lpips,0.0
Degus,Brightness,0.0,Degus_brightness_0.bmp,SSIM,SSIM_skimage,1.0
Degus,Brightness,0.0,Degus_brightness_0.bmp,PSNR,PSNR_skimage,inf
Degus,Brightness,0.0,Degus_brightness_0.bmp,UIQI,UIQI_torch,0.9867
Degus,Brightness,0.0,Degus_brightness_0.bmp,VIF,VIF_Torch,1.0
Degus,Brightness,1.02,Degus_brightness_1_02.png,LPIPS,LPIPS_lpips,0.0001971018937183544
Degus,Brightness,1.02,Degus_brightness_1_02.png,SSIM,SSIM_skimage,0.9994259762622525
Degus,Brightness,1.02,Degus_brightness_1_02.png,PSNR,PSNR_skimage,43.247156291040895
Degus,Brightness,1.02,Degus_brightness_1_02.png,UIQI,UIQI_torch,0.9649
Degus,Brightness,1.02,Degus_brightness_1_02.png,VIF,VIF_Torch,0.9633
Degus,Brightness,1.05,Degus_brightness_1_05.png,LPIPS,LPIPS_lpips,0.0007752878591418266
Degus,Brightness,1.05,Degus_brightness_1_05.png,SSIM,SSIM_skimage,0.9982503178272438
Degus,Brightness,1.05,Degus_brightness_1_05.png,PSNR,PSNR_skimage,34.460376750831976
Degus,Brightness,1.05,Degus_brightness_1_05.png,UIQI,UIQI_torch,0.9171
Degus,Brightness,1.05,Degus_brightness_1_05.png,VIF,VIF_Torch,0.9097
Degus,Brightness,1.1,Degus_brightness_1_1.png,LPIPS,LPIPS_lpips,0.0028600816149264574
Degus,Brightness,1.1,Degus_brightness_1_1.png,SSIM,SSIM_skimage,0.9931429561880339
Degus,Brightness,1.1,Degus_brightness_1_1.png,PSNR,PSNR_skimage,28.069406301641095
Degus,Brightness,1.1,Degus_brightness_1_1.png,UIQI,UIQI_torch,0.8509
Degus,Brightness,1.1,Degus_brightness_1_1.png,VIF,VIF_Torch,0.8292
Degus,Brightness,1.2,Degus_brightness_1_2.png,LPIPS,LPIPS_lpips,0.011165391653776169
Degus,Brightness,1.2,Degus_brightness_1_2.png,SSIM,SSIM_skimage,0.9742492478813762
Degus,Brightness,1.2,Degus_brightness_1_2.png,PSNR,PSNR_skimage,21.902436791133823
Degus,Brightness,1.2,Degus_brightness_1_2.png,UIQI,UIQI_torch,0.7495
Degus,Brightness,1.2,Degus_brightness_1_2.png,VIF,VIF_Torch,0.6989
Degus,Brightness,1.5,Degus_brightness_1_5.png,LPIPS,LPIPS_lpips,0.07048342376947403
Degus,Brightness,1.5,Degus_brightness_1_5.png,SSIM,SSIM_skimage,0.8715897388214232
Degus,Brightness,1.5,Degus_brightness_1_5.png,PSNR,PSNR_skimage,15.462378094588306
Degus,Brightness,1.5,Degus_brightness_1_5.png,UIQI,UIQI_torch,0.4476
Degus,Brightness,1.5,Degus_brightness_1_5.png,VIF,VIF_Torch,0.4686
Degus,Brightness,1.75,Degus_brightness_1_75.png,LPIPS,LPIPS_lpips,0.14500875771045685
Degus,Brightness,1.75,Degus_brightness_1_75.png,SSIM,SSIM_skimage,0.782826822688893
Degus,Brightness,1.75,Degus_brightness_1_75.png,PSNR,PSNR_skimage,12.701151690163261
Degus,Brightness,1.75,Degus_brightness_1_75.png,UIQI,UIQI_torch,0.3159
Degus,Brightness,1.75,Degus_brightness_1_75.png,VIF,VIF_Torch,0.3763
Degus,Brightness,2.0,Degus_brightness_2.png,LPIPS,LPIPS_lpips,0.21037572622299194
Degus,Brightness,2.0,Degus_brightness_2.png,SSIM,SSIM_skimage,0.6963376441332105
Degus,Brightness,2.0,Degus_brightness_2.png,PSNR,PSNR_skimage,10.894409666682241
Degus,Brightness,2.0,Degus_brightness_2.png,UIQI,UIQI_torch,0.2039
Degus,Brightness,2.0,Degus_brightness_2.png,VIF,VIF_Torch,0.3214
Degus,Brightness,2.25,Degus_brightness_2_25.png,LPIPS,LPIPS_lpips,0.23855802416801453
Degus,Brightness,2.25,Degus_brightness_2_25.png,SSIM,SSIM_skimage,0.6285442146732844
Degus,Brightness,2.25,Degus_brightness_2_25.png,PSNR,PSNR_skimage,9.936673424353488
Degus,Brightness,2.25,Degus_brightness_2_25.png,UIQI,UIQI_torch,0.1224
Degus,Brightness,2.25,Degus_brightness_2_25.png,VIF,VIF_Torch,0.2829
Degus,Circularblur,0.0,Degus_circularBlur_0.bmp,LPIPS,LPIPS_lpips,0.0
Degus,Circularblur,0.0,Degus_circularBlur_0.bmp,SSIM,SSIM_skimage,1.0
Degus,Circularblur,0.0,Degus_circularBlur_0.bmp,PSNR,PSNR_skimage,inf
Degus,Circularblur,0.0,Degus_circularBlur_0.bmp,UIQI,UIQI_torch,0.9867
Degus,Circularblur,0.0,Degus_circularBlur_0.bmp,VIF,VIF_Torch,1.0
Degus,Circularblur,1.0,Degus_circularBlur_1.png,LPIPS,LPIPS_lpips,0.054981887340545654
Degus,Circularblur,1.0,Degus_circularBlur_1.png,SSIM,SSIM_skimage,0.7044317745023679
Degus,Circularblur,1.0,Degus_circularBlur_1.png,PSNR,PSNR_skimage,24.946987275666437
Degus,Circularblur,1.0,Degus_circularBlur_1.png,UIQI,UIQI_torch,0.3479
Degus,Circularblur,1.0,Degus_circularBlur_1.png,VIF,VIF_Torch,1.3547
Degus,Circularblur,10.0,Degus_circularBlur_10.png,LPIPS,LPIPS_lpips,0.41137993335723877
Degus,Circularblur,10.0,Degus_circularBlur_10.png,SSIM,SSIM_skimage,0.48685766224723803
Degus,Circularblur,10.0,Degus_circularBlur_10.png,PSNR,PSNR_skimage,21.47497488284927
Degus,Circularblur,10.0,Degus_circularBlur_10.png,UIQI,UIQI_torch,0.0496
Degus,Circularblur,10.0,Degus_circularBlur_10.png,VIF,VIF_Torch,2.2548
Degus,Circularblur,2.0,Degus_circularBlur_2.png,LPIPS,LPIPS_lpips,0.1796298325061798
Degus,Circularblur,2.0,Degus_circularBlur_2.png,SSIM,SSIM_skimage,0.6055389925390823
Degus,Circularblur,2.0,Degus_circularBlur_2.png,PSNR,PSNR_skimage,23.385558008075318
Degus,Circularblur,2.0,Degus_circularBlur_2.png,UIQI,UIQI_torch,0.2028
Degus,Circularblur,2.0,Degus_circularBlur_2.png,VIF,VIF_Torch,1.3825
Degus,Circularblur,3.0,Degus_circularBlur_3.png,LPIPS,LPIPS_lpips,0.2420332133769989
Degus,Circularblur,3.0,Degus_circularBlur_3.png,SSIM,SSIM_skimage,0.5620891785733367
Degus,Circularblur,3.0,Degus_circularBlur_3.png,PSNR,PSNR_skimage,22.802629190988526
Degus,Circularblur,3.0,Degus_circularBlur_3.png,UIQI,UIQI_torch,0.1429
Degus,Circularblur,3.0,Degus_circularBlur_3.png,VIF,VIF_Torch,1.4933
Degus,Circularblur,4.0,Degus_circularBlur_4.png,LPIPS,LPIPS_lpips,0.28339168429374695
Degus,Circularblur,4.0,Degus_circularBlur_4.png,SSIM,SSIM_skimage,0.5383892751058326
Degus,Circularblur,4.0,Degus_circularBlur_4.png,PSNR,PSNR_skimage,22.459685126673005
Degus,Circularblur,4.0,Degus_circularBlur_4.png,UIQI,UIQI_torch,0.1116
Degus,Circularblur,4.0,Degus_circularBlur_4.png,VIF,VIF_Torch,1.6139
Degus,Circularblur,5.0,Degus_circularBlur_5.png,LPIPS,LPIPS_lpips,0.31294336915016174
Degus,Circularblur,5.0,Degus_circularBlur_5.png,SSIM,SSIM_skimage,0.5227037573901868
Degus,Circularblur,5.0,Degus_circularBlur_5.png,PSNR,PSNR_skimage,22.21471737439392
Degus,Circularblur,5.0,Degus_circularBlur_5.png,UIQI,UIQI_torch,0.0915
Degus,Circularblur,5.0,Degus_circularBlur_5.png,VIF,VIF_Torch,1.7244
Degus,Circularblur,7.5,Degus_circularBlur_7_5.png,LPIPS,LPIPS_lpips,0.3662538528442383
Degus,Circularblur,7.5,Degus_circularBlur_7_5.png,SSIM,SSIM_skimage,0.49972567108813776
Degus,Circularblur,7.5,Degus_circularBlur_7_5.png,PSNR,PSNR_skimage,21.78151577029987
Degus,Circularblur,7.5,Degus_circularBlur_7_5.png,UIQI,UIQI_torch,0.0637
Degus,Circularblur,7.5,Degus_circularBlur_7_5.png,VIF,VIF_Torch,1.9823
Degus,Dilation,0.0,Degus_dilation_0.bmp,LPIPS,LPIPS_lpips,0.0
Degus,Dilation,0.0,Degus_dilation_0.bmp,SSIM,SSIM_skimage,1.0
Degus,Dilation,0.0,Degus_dilation_0.bmp,PSNR,PSNR_skimage,inf
Degus,Dilation,0.0,Degus_dilation_0.bmp,UIQI,UIQI_torch,0.9867
Degus,Dilation,0.0,Degus_dilation_0.bmp,VIF,VIF_Torch,1.0
Degus,Dilation,1.0,Degus_dilation_1.png,LPIPS,LPIPS_lpips,0.013242973014712334
Degus,Dilation,1.0,Degus_dilation_1.png,SSIM,SSIM_skimage,0.8435970718918036
Degus,Dilation,1.0,Degus_dilation_1.png,PSNR,PSNR_skimage,25.05592652088569
Degus,Dilation,1.0,Degus_dilation_1.png,UIQI,UIQI_torch,0.5476
Degus,Dilation,1.0,Degus_dilation_1.png,VIF,VIF_Torch,0.9031
Degus,Dilation,2.0,Degus_dilation_2.png,LPIPS,LPIPS_lpips,0.04583590105175972
Degus,Dilation,2.0,Degus_dilation_2.png,SSIM,SSIM_skimage,0.6863652415805478
Degus,Dilation,2.0,Degus_dilation_2.png,PSNR,PSNR_skimage,20.047975265942107
Degus,Dilation,2.0,Degus_dilation_2.png,UIQI,UIQI_torch,0.235
Degus,Dilation,2.0,Degus_dilation_2.png,VIF,VIF_Torch,0.8762
Degus,Dilation,3.0,Degus_dilation_3.png,LPIPS,LPIPS_lpips,0.07617950439453125
Degus,Dilation,3.0,Degus_dilation_3.png,SSIM,SSIM_skimage,0.5812660565414643
Degus,Dilation,3.0,Degus_dilation_3.png,PSNR,PSNR_skimage,17.981442230241257
Degus,Dilation,3.0,Degus_dilation_3.png,UIQI,UIQI_torch,0.1258
Degus,Dilation,3.0,Degus_dilation_3.png,VIF,VIF_Torch,0.8075
Degus,Dilation,4.0,Degus_dilation_4.png,LPIPS,LPIPS_lpips,0.11011595278978348
Degus,Dilation,4.0,Degus_dilation_4.png,SSIM,SSIM_skimage,0.4950874026021687
Degus,Dilation,4.0,Degus_dilation_4.png,PSNR,PSNR_skimage,16.57542461653545
Degus,Dilation,4.0,Degus_dilation_4.png,UIQI,UIQI_torch,0.0643
Degus,Dilation,4.0,Degus_dilation_4.png,VIF,VIF_Torch,0.6863
Degus,Dilation,5.0,Degus_dilation_5.png,LPIPS,LPIPS_lpips,0.1405121386051178
Degus,Dilation,5.0,Degus_dilation_5.png,SSIM,SSIM_skimage,0.4460124182724951
Degus,Dilation,5.0,Degus_dilation_5.png,PSNR,PSNR_skimage,15.698605983384017
Degus,Dilation,5.0,Degus_dilation_5.png,UIQI,UIQI_torch,0.0339
Degus,Dilation,5.0,Degus_dilation_5.png,VIF,VIF_Torch,0.578
Degus,Hole,0.0,Degus_hole_0.bmp,LPIPS,LPIPS_lpips,0.0
Degus,Hole,0.0,Degus_hole_0.bmp,SSIM,SSIM_skimage,1.0
Degus,Hole,0.0,Degus_hole_0.bmp,PSNR,PSNR_skimage,inf
Degus,Hole,0.0,Degus_hole_0.bmp,UIQI,UIQI_torch,0.9867
Degus,Hole,0.0,Degus_hole_0.bmp,VIF,VIF_Torch,1.0
Degus,Hole,0.01,Degus_hole_0_01.png,LPIPS,LPIPS_lpips,0.0014925081050023437
Degus,Hole,0.01,Degus_hole_0_01.png,SSIM,SSIM_skimage,0.999686122876859
Degus,Hole,0.01,Degus_hole_0_01.png,PSNR,PSNR_skimage,46.90193995333391
Degus,Hole,0.01,Degus_hole_0_01.png,UIQI,UIQI_torch,0.9864
Degus,Hole,0.01,Degus_hole_0_01.png,VIF,VIF_Torch,0.9988
Degus,Hole,0.05,Degus_hole_0_05.png,LPIPS,LPIPS_lpips,0.02010614052414894
Degus,Hole,0.05,Degus_hole_0_05.png,SSIM,SSIM_skimage,0.9932626284401528
Degus,Hole,0.05,Degus_hole_0_05.png,PSNR,PSNR_skimage,32.556712233439626
Degus,Hole,0.05,Degus_hole_0_05.png,UIQI,UIQI_torch,0.98
Degus,Hole,0.05,Degus_hole_0_05.png,VIF,VIF_Torch,0.9947
Degus,Hole,0.1,Degus_hole_0_1.png,LPIPS,LPIPS_lpips,0.041874922811985016
Degus,Hole,0.1,Degus_hole_0_1.png,SSIM,SSIM_skimage,0.9739447286782563
Degus,Hole,0.1,Degus_hole_0_1.png,PSNR,PSNR_skimage,27.07076375551892
Degus,Hole,0.1,Degus_hole_0_1.png,UIQI,UIQI_torch,0.9599
Degus,Hole,0.1,Degus_hole_0_1.png,VIF,VIF_Torch,0.991
Degus,Hole,0.15,Degus_hole_0_15.png,LPIPS,LPIPS_lpips,0.06649446487426758
Degus,Hole,0.15,Degus_hole_0_15.png,SSIM,SSIM_skimage,0.9437171479924825
Degus,Hole,0.15,Degus_hole_0_15.png,PSNR,PSNR_skimage,23.957045392167093
Degus,Hole,0.15,Degus_hole_0_15.png,UIQI,UIQI_torch,0.9269
Degus,Hole,0.15,Degus_hole_0_15.png,VIF,VIF_Torch,0.9891
Degus,Hole,0.2,Degus_hole_0_2.png,LPIPS,LPIPS_lpips,0.09791260957717896
Degus,Hole,0.2,Degus_hole_0_2.png,SSIM,SSIM_skimage,0.9002698745767092
Degus,Hole,0.2,Degus_hole_0_2.png,PSNR,PSNR_skimage,21.930665304841042
Degus,Hole,0.2,Degus_hole_0_2.png,UIQI,UIQI_torch,0.8803
Degus,Hole,0.2,Degus_hole_0_2.png,VIF,VIF_Torch,0.9835
Degus,Hole,0.3,Degus_hole_0_3.png,LPIPS,LPIPS_lpips,0.2438248246908188
Degus,Hole,0.3,Degus_hole_0_3.png,SSIM,SSIM_skimage,0.7726991986188038
Degus,Hole,0.3,Degus_hole_0_3.png,PSNR,PSNR_skimage,17.183647461359083
Degus,Hole,0.3,Degus_hole_0_3.png,UIQI,UIQI_torch,0.7475
Degus,Hole,0.3,Degus_hole_0_3.png,VIF,VIF_Torch,0.9469
Degus,Hole,0.4,Degus_hole_0_4.png,LPIPS,LPIPS_lpips,0.4416280686855316
Degus,Hole,0.4,Degus_hole_0_4.png,SSIM,SSIM_skimage,0.5909207423871464
Degus,Hole,0.4,Degus_hole_0_4.png,PSNR,PSNR_skimage,13.691764730427515
Degus,Hole,0.4,Degus_hole_0_4.png,UIQI,UIQI_torch,0.5629
Degus,Hole,0.4,Degus_hole_0_4.png,VIF,VIF_Torch,0.9055
Degus,Noise,0.0,Degus_noise_0.bmp,LPIPS,LPIPS_lpips,0.0
Degus,Noise,0.0,Degus_noise_0.bmp,SSIM,SSIM_skimage,1.0
Degus,Noise,0.0,Degus_noise_0.bmp,PSNR,PSNR_skimage,inf
Degus,Noise,0.0,Degus_noise_0.bmp,UIQI,UIQI_torch,0.9867
Degus,Noise,0.0,Degus_noise_0.bmp,VIF,VIF_Torch,1.0
Degus,Noise,1.0,Degus_noise_1.png,LPIPS,LPIPS_lpips,0.00012571286060847342
Degus,Noise,1.0,Degus_noise_1.png,SSIM,SSIM_skimage,0.9928603222853557
Degus,Noise,1.0,Degus_noise_1.png,PSNR,PSNR_skimage,46.97703977690413
Degus,Noise,1.0,Degus_noise_1.png,UIQI,UIQI_torch,0.9447
Degus,Noise,1.0,Degus_noise_1.png,VIF,VIF_Torch,0.9959
Degus,Noise,10.0,Degus_noise_10.png,LPIPS,LPIPS_lpips,0.002011410892009735
Degus,Noise,10.0,Degus_noise_10.png,SSIM,SSIM_skimage,0.68462446469302
Degus,Noise,10.0,Degus_noise_10.png,PSNR,PSNR_skimage,28.321721571570965
Degus,Noise,10.0,Degus_noise_10.png,UIQI,UIQI_torch,0.5163
Degus,Noise,10.0,Degus_noise_10.png,VIF,VIF_Torch,0.6939
Degus,Noise,2.0,Degus_noise_2.png,LPIPS,LPIPS_lpips,0.0001525529514765367
Degus,Noise,2.0,Degus_noise_2.png,SSIM,SSIM_skimage,0.9747317910454298
Degus,Noise,2.0,Degus_noise_2.png,PSNR,PSNR_skimage,41.86686362476082
Degus,Noise,2.0,Degus_noise_2.png,UIQI,UIQI_torch,0.8761
Degus,Noise,2.0,Degus_noise_2.png,VIF,VIF_Torch,0.9822
Degus,Noise,20.0,Degus_noise_20.png,LPIPS,LPIPS_lpips,0.012297406792640686
Degus,Noise,20.0,Degus_noise_20.png,SSIM,SSIM_skimage,0.43885585496702856
Degus,Noise,20.0,Degus_noise_20.png,PSNR,PSNR_skimage,22.472415224062495
Degus,Noise,20.0,Degus_noise_20.png,UIQI,UIQI_torch,0.324
Degus,Noise,20.0,Degus_noise_20.png,VIF,VIF_Torch,0.339
Degus,Noise,35.0,Degus_noise_35.png,LPIPS,LPIPS_lpips,0.038566574454307556
Degus,Noise,35.0,Degus_noise_35.png,SSIM,SSIM_skimage,0.2586074874878157
Degus,Noise,35.0,Degus_noise_35.png,PSNR,PSNR_skimage,17.948906613579275
Degus,Noise,35.0,Degus_noise_35.png,UIQI,UIQI_torch,0.182
Degus,Noise,35.0,Degus_noise_35.png,VIF,VIF_Torch,0.1182
Degus,Noise,5.0,Degus_noise_5.png,LPIPS,LPIPS_lpips,0.00045685519580729306
Degus,Noise,5.0,Degus_noise_5.png,SSIM,SSIM_skimage,0.8741764126212063
Degus,Noise,5.0,Degus_noise_5.png,PSNR,PSNR_skimage,34.233028083620994
Degus,Noise,5.0,Degus_noise_5.png,UIQI,UIQI_torch,0.6939
Degus,Noise,5.0,Degus_noise_5.png,VIF,VIF_Torch,0.9002
Degus,Noise,50.0,Degus_noise_50.png,LPIPS,LPIPS_lpips,0.07257282733917236
Degus,Noise,50.0,Degus_noise_50.png,SSIM,SSIM_skimage,0.1685894981166415
Degus,Noise,50.0,Degus_noise_50.png,PSNR,PSNR_skimage,15.215892239785555
Degus,Noise,50.0,Degus_noise_50.png,UIQI,UIQI_torch,0.113
Degus,Noise,50.0,Degus_noise_50.png,VIF,VIF_Torch,0.0506
Degus,Rotate,0.0,Degus_rotate_0.bmp,LPIPS,LPIPS_lpips,0.0
Degus,Rotate,0.0,Degus_rotate_0.bmp,SSIM,SSIM_skimage,1.0
Degus,Rotate,0.0,Degus_rotate_0.bmp,PSNR,PSNR_skimage,inf
Degus,Rotate,0.0,Degus_rotate_0.bmp,UIQI,UIQI_torch,0.9867
Degus,Rotate,0.0,Degus_rotate_0.bmp,VIF,VIF_Torch,1.0
Degus,Rotate,1.0,Degus_rotate_1.png,LPIPS,LPIPS_lpips,0.0770631730556488
Degus,Rotate,1.0,Degus_rotate_1.png,SSIM,SSIM_skimage,0.39776217483602117
Degus,Rotate,1.0,Degus_rotate_1.png,PSNR,PSNR_skimage,18.661509939764127
Degus,Rotate,1.0,Degus_rotate_1.png,UIQI,UIQI_torch,0.0206
Degus,Rotate,1.0,Degus_rotate_1.png,VIF,VIF_Torch,0.0813
Degus,Rotate,10.0,Degus_rotate_10.png,LPIPS,LPIPS_lpips,0.3234696090221405
Degus,Rotate,10.0,Degus_rotate_10.png,SSIM,SSIM_skimage,0.3084471711663765
Degus,Rotate,10.0,Degus_rotate_10.png,PSNR,PSNR_skimage,14.126668256100302
Degus,Rotate,10.0,Degus_rotate_10.png,UIQI,UIQI_torch,0.0027
Degus,Rotate,10.0,Degus_rotate_10.png,VIF,VIF_Torch,0.0456
Degus,Rotate,15.0,Degus_rotate_15.png,LPIPS,LPIPS_lpips,0.4220539927482605
Degus,Rotate,15.0,Degus_rotate_15.png,SSIM,SSIM_skimage,0.28387753556525336
Degus,Rotate,15.0,Degus_rotate_15.png,PSNR,PSNR_skimage,13.107764878146845
Degus,Rotate,15.0,Degus_rotate_15.png,UIQI,UIQI_torch,0.0022
Degus,Rotate,15.0,Degus_rotate_15.png,VIF,VIF_Torch,0.0428
Degus,Rotate,2.0,Degus_rotate_2.png,LPIPS,LPIPS_lpips,0.11006685346364975
Degus,Rotate,2.0,Degus_rotate_2.png,SSIM,SSIM_skimage,0.3738597037463401
Degus,Rotate,2.0,Degus_rotate_2.png,PSNR,PSNR_skimage,17.624672597552028
Degus,Rotate,2.0,Degus_rotate_2.png,UIQI,UIQI_torch,0.0111
Degus,Rotate,2.0,Degus_rotate_2.png,VIF,VIF_Torch,0.0608
Degus,Rotate,20.0,Degus_rotate_20.png,LPIPS,LPIPS_lpips,0.49122154712677
Degus,Rotate,20.0,Degus_rotate_20.png,SSIM,SSIM_skimage,0.2637205742407824
Degus,Rotate,20.0,Degus_rotate_20.png,PSNR,PSNR_skimage,12.396414980518884
Degus,Rotate,20.0,Degus_rotate_20.png,UIQI,UIQI_torch,0.0023
Degus,Rotate,20.0,Degus_rotate_20.png,VIF,VIF_Torch,0.0418
Degus,Rotate,3.0,Degus_rotate_3.png,LPIPS,LPIPS_lpips,0.14546021819114685
Degus,Rotate,3.0,Degus_rotate_3.png,SSIM,SSIM_skimage,0.36088842454230585
Degus,Rotate,3.0,Degus_rotate_3.png,PSNR,PSNR_skimage,16.887450267401142
Degus,Rotate,3.0,Degus_rotate_3.png,UIQI,UIQI_torch,0.008
Degus,Rotate,3.0,Degus_rotate_3.png,VIF,VIF_Torch,0.0551
Degus,Rotate,35.0,Degus_rotate_35.png,LPIPS,LPIPS_lpips,0.6181972622871399
Degus,Rotate,35.0,Degus_rotate_35.png,SSIM,SSIM_skimage,0.21594455441844848
Degus,Rotate,35.0,Degus_rotate_35.png,PSNR,PSNR_skimage,11.12522602086407
Degus,Rotate,35.0,Degus_rotate_35.png,UIQI,UIQI_torch,0.0017
Degus,Rotate,35.0,Degus_rotate_35.png,VIF,VIF_Torch,0.0353
Degus,Rotate,5.0,Degus_rotate_5.png,LPIPS,LPIPS_lpips,0.19764938950538635
Degus,Rotate,5.0,Degus_rotate_5.png,SSIM,SSIM_skimage,0.3424324418419953
Degus,Rotate,5.0,Degus_rotate_5.png,PSNR,PSNR_skimage,15.813877269208238
Degus,Rotate,5.0,Degus_rotate_5.png,UIQI,UIQI_torch,0.0065
Degus,Rotate,5.0,Degus_rotate_5.png,VIF,VIF_Torch,0.0511
Degus,Saturation,0.0,Degus_saturation_0.bmp,LPIPS,LPIPS_lpips,0.0
Degus,Saturation,0.0,Degus_saturation_0.bmp,SSIM,SSIM_skimage,1.0
Degus,Saturation,0.0,Degus_saturation_0.bmp,PSNR,PSNR_skimage,inf
Degus,Saturation,0.0,Degus_saturation_0.bmp,UIQI,UIQI_torch,0.9867
Degus,Saturation,0.0,Degus_saturation_0.bmp,VIF,VIF_Torch,1.0
Degus,Saturation,1.05,Degus_saturation_1_05.png,LPIPS,LPIPS_lpips,0.005892699584364891
Degus,Saturation,1.05,Degus_saturation_1_05.png,SSIM,SSIM_skimage,0.9906332957484357
Degus,Saturation,1.05,Degus_saturation_1_05.png,PSNR,PSNR_skimage,34.75628394151856
Degus,Saturation,1.05,Degus_saturation_1_05.png,UIQI,UIQI_torch,0.9709
Degus,Saturation,1.05,Degus_saturation_1_05.png,VIF,VIF_Torch,0.99
Degus,Saturation,1.1,Degus_saturation_1_1.png,LPIPS,LPIPS_lpips,0.03247684985399246
Degus,Saturation,1.1,Degus_saturation_1_1.png,SSIM,SSIM_skimage,0.9262315228822239
Degus,Saturation,1.1,Degus_saturation_1_1.png,PSNR,PSNR_skimage,26.439720123042306
Degus,Saturation,1.1,Degus_saturation_1_1.png,UIQI,UIQI_torch,0.9174
Degus,Saturation,1.1,Degus_saturation_1_1.png,VIF,VIF_Torch,0.9742
Degus,Saturation,1.15,Degus_saturation_1_15.png,LPIPS,LPIPS_lpips,0.04617125168442726
Degus,Saturation,1.15,Degus_saturation_1_15.png,SSIM,SSIM_skimage,0.8684561265185152
Degus,Saturation,1.15,Degus_saturation_1_15.png,PSNR,PSNR_skimage,23.814972392675248
Degus,Saturation,1.15,Degus_saturation_1_15.png,UIQI,UIQI_torch,0.8236
Degus,Saturation,1.15,Degus_saturation_1_15.png,VIF,VIF_Torch,0.9735
Degus,Saturation,1.2,Degus_saturation_1_2.png,LPIPS,LPIPS_lpips,0.05196844041347504
Degus,Saturation,1.2,Degus_saturation_1_2.png,SSIM,SSIM_skimage,0.8462259406181435
Degus,Saturation,1.2,Degus_saturation_1_2.png,PSNR,PSNR_skimage,23.393319348209175
Degus,Saturation,1.2,Degus_saturation_1_2.png,UIQI,UIQI_torch,0.7836
Degus,Saturation,1.2,Degus_saturation_1_2.png,VIF,VIF_Torch,0.9668
Degus,Saturation,1.5,Degus_saturation_1_5.png,LPIPS,LPIPS_lpips,0.09431266784667969
Degus,Saturation,1.5,Degus_saturation_1_5.png,SSIM,SSIM_skimage,0.7433798798265469
Degus,Saturation,1.5,Degus_saturation_1_5.png,PSNR,PSNR_skimage,20.846915184531806
Degus,Saturation,1.5,Degus_saturation_1_5.png,UIQI,UIQI_torch,0.5624
Degus,Saturation,1.5,Degus_saturation_1_5.png,VIF,VIF_Torch,0.9548
Degus,Saturation,1.75,Degus_saturation_1_75.png,LPIPS,LPIPS_lpips,0.1227814108133316
Degus,Saturation,1.75,Degus_saturation_1_75.png,SSIM,SSIM_skimage,0.7026537617298647
Degus,Saturation,1.75,Degus_saturation_1_75.png,PSNR,PSNR_skimage,19.31990989194631
Degus,Saturation,1.75,Degus_saturation_1_75.png,UIQI,UIQI_torch,0.4786
Degus,Saturation,1.75,Degus_saturation_1_75.png,VIF,VIF_Torch,0.9724
Degus,Saturation,2.0,Degus_saturation_2.png,LPIPS,LPIPS_lpips,0.14674627780914307
Degus,Saturation,2.0,Degus_saturation_2.png,SSIM,SSIM_skimage,0.6820166852749568
Degus,Saturation,2.0,Degus_saturation_2.png,PSNR,PSNR_skimage,18.29950805677833
Degus,Saturation,2.0,Degus_saturation_2.png,UIQI,UIQI_torch,0.4402
Degus,Saturation,2.0,Degus_saturation_2.png,VIF,VIF_Torch,0.9569
Degus,Shift,0.0,Degus_shift_0.bmp,LPIPS,LPIPS_lpips,0.0
Degus,Shift,0.0,Degus_shift_0.bmp,SSIM,SSIM_skimage,1.0
Degus,Shift,0.0,Degus_shift_0.bmp,PSNR,PSNR_skimage,inf
Degus,Shift,0.0,Degus_shift_0.bmp,UIQI,UIQI_torch,0.9867
Degus,Shift,0.0,Degus_shift_0.bmp,VIF,VIF_Torch,1.0
Degus,Shift,0.01,Degus_shift_0_01.png,LPIPS,LPIPS_lpips,0.08095942437648773
Degus,Shift,0.01,Degus_shift_0_01.png,SSIM,SSIM_skimage,0.35982013213173075
Degus,Shift,0.01,Degus_shift_0_01.png,PSNR,PSNR_skimage,17.92732340396553
Degus,Shift,0.01,Degus_shift_0_01.png,UIQI,UIQI_torch,0.0085
Degus,Shift,0.01,Degus_shift_0_01.png,VIF,VIF_Torch,0.0492
Degus,Shift,0.02,Degus_shift_0_02.png,LPIPS,LPIPS_lpips,0.11579619348049164
Degus,Shift,0.02,Degus_shift_0_02.png,SSIM,SSIM_skimage,0.3423217032089367
Degus,Shift,0.02,Degus_shift_0_02.png,PSNR,PSNR_skimage,16.72692800116509
Degus,Shift,0.02,Degus_shift_0_02.png,UIQI,UIQI_torch,0.0024
Degus,Shift,0.02,Degus_shift_0_02.png,VIF,VIF_Torch,0.0438
Degus,Shift,0.05,Degus_shift_0_05.png,LPIPS,LPIPS_lpips,0.24625088274478912
Degus,Shift,0.05,Degus_shift_0_05.png,SSIM,SSIM_skimage,0.313933606698206
Degus,Shift,0.05,Degus_shift_0_05.png,PSNR,PSNR_skimage,14.664768916157492
Degus,Shift,0.05,Degus_shift_0_05.png,UIQI,UIQI_torch,0.0035
Degus,Shift,0.05,Degus_shift_0_05.png,VIF,VIF_Torch,0.0434
Degus,Shift,0.1,Degus_shift_0_1.png,LPIPS,LPIPS_lpips,0.4162459671497345
Degus,Shift,0.1,Degus_shift_0_1.png,SSIM,SSIM_skimage,0.2750730956569813
Degus,Shift,0.1,Degus_shift_0_1.png,PSNR,PSNR_skimage,12.710598168763951
Degus,Shift,0.1,Degus_shift_0_1.png,UIQI,UIQI_torch,0.0019
Degus,Shift,0.1,Degus_shift_0_1.png,VIF,VIF_Torch,0.0412
Degus,Shift,0.2,Degus_shift_0_2.png,LPIPS,LPIPS_lpips,0.5870792865753174
Degus,Shift,0.2,Degus_shift_0_2.png,SSIM,SSIM_skimage,0.21834492768242753
Degus,Shift,0.2,Degus_shift_0_2.png,PSNR,PSNR_skimage,11.133844034127883
Degus,Shift,0.2,Degus_shift_0_2.png,UIQI,UIQI_torch,0.0008
Degus,Shift,0.2,Degus_shift_0_2.png,VIF,VIF_Torch,0.0398
Degus,Shift,0.3,Degus_shift_0_3.png,LPIPS,LPIPS_lpips,0.6597629189491272
Degus,Shift,0.3,Degus_shift_0_3.png,SSIM,SSIM_skimage,0.18059135575731944
Degus,Shift,0.3,Degus_shift_0_3.png,PSNR,PSNR_skimage,10.639835735861036
Degus,Shift,0.3,Degus_shift_0_3.png,UIQI,UIQI_torch,0.0016
Degus,Shift,0.3,Degus_shift_0_3.png,VIF,VIF_Torch,0.0329
Hotdog,Blur,0.0,Hotdog_blur_0.bmp,LPIPS,LPIPS_lpips,0.0
Hotdog,Blur,0.0,Hotdog_blur_0.bmp,SSIM,SSIM_skimage,1.0
Hotdog,Blur,0.0,Hotdog_blur_0.bmp,PSNR,PSNR_skimage,inf
Hotdog,Blur,0.0,Hotdog_blur_0.bmp,UIQI,UIQI_torch,0.9498
Hotdog,Blur,0.0,Hotdog_blur_0.bmp,VIF,VIF_Torch,1.0
Hotdog,Blur,1.0,Hotdog_blur_1.png,LPIPS,LPIPS_lpips,9.825894085224718e-05
Hotdog,Blur,1.0,Hotdog_blur_1.png,SSIM,SSIM_skimage,0.9715394522453745
Hotdog,Blur,1.0,Hotdog_blur_1.png,PSNR,PSNR_skimage,39.95384179581502
Hotdog,Blur,1.0,Hotdog_blur_1.png,UIQI,UIQI_torch,0.7311
Hotdog,Blur,1.0,Hotdog_blur_1.png,VIF,VIF_Torch,1.23
Hotdog,Blur,10.0,Hotdog_blur_10.png,LPIPS,LPIPS_lpips,0.12652775645256042
Hotdog,Blur,10.0,Hotdog_blur_10.png,SSIM,SSIM_skimage,0.8447996481015982
Hotdog,Blur,10.0,Hotdog_blur_10.png,PSNR,PSNR_skimage,28.63338583528627
Hotdog,Blur,10.0,Hotdog_blur_10.png,UIQI,UIQI_torch,0.1652
Hotdog,Blur,10.0,Hotdog_blur_10.png,VIF,VIF_Torch,3.0604
Hotdog,Blur,12.5,Hotdog_blur_12_5.png,LPIPS,LPIPS_lpips,0.18376721441745758
Hotdog,Blur,12.5,Hotdog_blur_12_5.png,SSIM,SSIM_skimage,0.8343284025182092
Hotdog,Blur,12.5,Hotdog_blur_12_5.png,PSNR,PSNR_skimage,27.637956595320865
Hotdog,Blur,12.5,Hotdog_blur_12_5.png,UIQI,UIQI_torch,0.1281
Hotdog,Blur,12.5,Hotdog_blur_12_5.png,VIF,VIF_Torch,3.7479
Hotdog,Blur,15.0,Hotdog_blur_15.png,LPIPS,LPIPS_lpips,0.23542314767837524
Hotdog,Blur,15.0,Hotdog_blur_15.png,SSIM,SSIM_skimage,0.8264134165154539
Hotdog,Blur,15.0,Hotdog_blur_15.png,PSNR,PSNR_skimage,26.842289669780612
Hotdog,Blur,15.0,Hotdog_blur_15.png,UIQI,UIQI_torch,0.1012
Hotdog,Blur,15.0,Hotdog_blur_15.png,VIF,VIF_Torch,4.4506
Hotdog,Blur,2.0,Hotdog_blur_2.png,LPIPS,LPIPS_lpips,0.0010172856273129582
Hotdog,Blur,2.0,Hotdog_blur_2.png,SSIM,SSIM_skimage,0.927791214897388
Hotdog,Blur,2.0,Hotdog_blur_2.png,PSNR,PSNR_skimage,35.27526272727252
Hotdog,Blur,2.0,Hotdog_blur_2.png,UIQI,UIQI_torch,0.4922
Hotdog,Blur,2.0,Hotdog_blur_2.png,VIF,VIF_Torch,1.4381
Hotdog,Blur,3.0,Hotdog_blur_3.png,LPIPS,LPIPS_lpips,0.004255147650837898
Hotdog,Blur,3.0,Hotdog_blur_3.png,SSIM,SSIM_skimage,0.9001636536265378
Hotdog,Blur,3.0,Hotdog_blur_3.png,PSNR,PSNR_skimage,33.375160368215255
Hotdog,Blur,3.0,Hotdog_blur_3.png,UIQI,UIQI_torch,0.3789
Hotdog,Blur,3.0,Hotdog_blur_3.png,VIF,VIF_Torch,1.5521
Hotdog,Blur,5.0,Hotdog_blur_5.png,LPIPS,LPIPS_lpips,0.02286228910088539
Hotdog,Blur,5.0,Hotdog_blur_5.png,SSIM,SSIM_skimage,0.8749671029398084
Hotdog,Blur,5.0,Hotdog_blur_5.png,PSNR,PSNR_skimage,31.489356312422153
Hotdog,Blur,5.0,Hotdog_blur_5.png,UIQI,UIQI_torch,0.2813
Hotdog,Blur,5.0,Hotdog_blur_5.png,VIF,VIF_Torch,1.8456
Hotdog,Blur,7.5,Hotdog_blur_7_5.png,LPIPS,LPIPS_lpips,0.0675436481833458
Hotdog,Blur,7.5,Hotdog_blur_7_5.png,SSIM,SSIM_skimage,0.8580794310940445
Hotdog,Blur,7.5,Hotdog_blur_7_5.png,PSNR,PSNR_skimage,29.889704854736344
Hotdog,Blur,7.5,Hotdog_blur_7_5.png,UIQI,UIQI_torch,0.2151
Hotdog,Blur,7.5,Hotdog_blur_7_5.png,VIF,VIF_Torch,2.4243
Hotdog,Brightness,0.0,Hotdog_brightness_0.bmp,LPIPS,LPIPS_lpips,0.0
Hotdog,Brightness,0.0,Hotdog_brightness_0.bmp,SSIM,SSIM_skimage,1.0
Hotdog,Brightness,0.0,Hotdog_brightness_0.bmp,PSNR,PSNR_skimage,inf
Hotdog,Brightness,0.0,Hotdog_brightness_0.bmp,UIQI,UIQI_torch,0.9498
Hotdog,Brightness,0.0,Hotdog_brightness_0.bmp,VIF,VIF_Torch,1.0
Hotdog,Brightness,1.02,Hotdog_brightness_1_02.png,LPIPS,LPIPS_lpips,0.0003083949559368193
Hotdog,Brightness,1.02,Hotdog_brightness_1_02.png,SSIM,SSIM_skimage,0.9995754231309769
Hotdog,Brightness,1.02,Hotdog_brightness_1_02.png,PSNR,PSNR_skimage,40.61649300682348
Hotdog,Brightness,1.02,Hotdog_brightness_1_02.png,UIQI,UIQI_torch,0.9291
Hotdog,Brightness,1.02,Hotdog_brightness_1_02.png,VIF,VIF_Torch,0.9618
Hotdog,Brightness,1.05,Hotdog_brightness_1_05.png,LPIPS,LPIPS_lpips,0.0016078277258202434
Hotdog,Brightness,1.05,Hotdog_brightness_1_05.png,SSIM,SSIM_skimage,0.9980729688859507
Hotdog,Brightness,1.05,Hotdog_brightness_1_05.png,PSNR,PSNR_skimage,31.769128565684227
Hotdog,Brightness,1.05,Hotdog_brightness_1_05.png,UIQI,UIQI_torch,0.8589
Hotdog,Brightness,1.05,Hotdog_brightness_1_05.png,VIF,VIF_Torch,0.9085
Hotdog,Brightness,1.1,Hotdog_brightness_1_1.png,LPIPS,LPIPS_lpips,0.006107033230364323
Hotdog,Brightness,1.1,Hotdog_brightness_1_1.png,SSIM,SSIM_skimage,0.9934357788476905
Hotdog,Brightness,1.1,Hotdog_brightness_1_1.png,PSNR,PSNR_skimage,25.453943263672947
Hotdog,Brightness,1.1,Hotdog_brightness_1_1.png,UIQI,UIQI_torch,0.7514
Hotdog,Brightness,1.1,Hotdog_brightness_1_1.png,VIF,VIF_Torch,0.8298
Hotdog,Brightness,1.2,Hotdog_brightness_1_2.png,LPIPS,LPIPS_lpips,0.024449029937386513
Hotdog,Brightness,1.2,Hotdog_brightness_1_2.png,SSIM,SSIM_skimage,0.9768895955435366
Hotdog,Brightness,1.2,Hotdog_brightness_1_2.png,PSNR,PSNR_skimage,19.3960738666616
Hotdog,Brightness,1.2,Hotdog_brightness_1_2.png,UIQI,UIQI_torch,0.5932
Hotdog,Brightness,1.2,Hotdog_brightness_1_2.png,VIF,VIF_Torch,0.7055
Hotdog,Brightness,1.5,Hotdog_brightness_1_5.png,LPIPS,LPIPS_lpips,0.1385280340909958
Hotdog,Brightness,1.5,Hotdog_brightness_1_5.png,SSIM,SSIM_skimage,0.8894860254881799
Hotdog,Brightness,1.5,Hotdog_brightness_1_5.png,PSNR,PSNR_skimage,12.04056615387586
Hotdog,Brightness,1.5,Hotdog_brightness_1_5.png,UIQI,UIQI_torch,0.2558
Hotdog,Brightness,1.5,Hotdog_brightness_1_5.png,VIF,VIF_Torch,0.4921
Hotdog,Brightness,1.75,Hotdog_brightness_1_75.png,LPIPS,LPIPS_lpips,0.25388091802597046
Hotdog,Brightness,1.75,Hotdog_brightness_1_75.png,SSIM,SSIM_skimage,0.8123888576795607
Hotdog,Brightness,1.75,Hotdog_brightness_1_75.png,PSNR,PSNR_skimage,9.848345698998433
Hotdog,Brightness,1.75,Hotdog_brightness_1_75.png,UIQI,UIQI_torch,0.0845
Hotdog,Brightness,1.75,Hotdog_brightness_1_75.png,VIF,VIF_Torch,0.4036
Hotdog,Brightness,2.0,Hotdog_brightness_2.png,LPIPS,LPIPS_lpips,0.34174418449401855
Hotdog,Brightness,2.0,Hotdog_brightness_2.png,SSIM,SSIM_skimage,0.7625215974962211
Hotdog,Brightness,2.0,Hotdog_brightness_2.png,PSNR,PSNR_skimage,8.843337018889983
Hotdog,Brightness,2.0,Hotdog_brightness_2.png,UIQI,UIQI_torch,0.0272
Hotdog,Brightness,2.0,Hotdog_brightness_2.png,VIF,VIF_Torch,0.3462
Hotdog,Brightness,2.25,Hotdog_brightness_2_25.png,LPIPS,LPIPS_lpips,0.40498024225234985
Hotdog,Brightness,2.25,Hotdog_brightness_2_25.png,SSIM,SSIM_skimage,0.7343160182552791
Hotdog,Brightness,2.25,Hotdog_brightness_2_25.png,PSNR,PSNR_skimage,8.39433120853653
Hotdog,Brightness,2.25,Hotdog_brightness_2_25.png,UIQI,UIQI_torch,0.0127
Hotdog,Brightness,2.25,Hotdog_brightness_2_25.png,VIF,VIF_Torch,0.306
Hotdog,Circularblur,0.0,Hotdog_circularBlur_0.bmp,LPIPS,LPIPS_lpips,0.0
Hotdog,Circularblur,0.0,Hotdog_circularBlur_0.bmp,SSIM,SSIM_skimage,1.0
Hotdog,Circularblur,0.0,Hotdog_circularBlur_0.bmp,PSNR,PSNR_skimage,inf
Hotdog,Circularblur,0.0,Hotdog_circularBlur_0.bmp,UIQI,UIQI_torch,0.9498
Hotdog,Circularblur,0.0,Hotdog_circularBlur_0.bmp,VIF,VIF_Torch,1.0
Hotdog,Circularblur,1.0,Hotdog_circularBlur_1.png,LPIPS,LPIPS_lpips,0.028506608679890633
Hotdog,Circularblur,1.0,Hotdog_circularBlur_1.png,SSIM,SSIM_skimage,0.900826764813842
Hotdog,Circularblur,1.0,Hotdog_circularBlur_1.png,PSNR,PSNR_skimage,31.825847181993964
Hotdog,Circularblur,1.0,Hotdog_circularBlur_1.png,UIQI,UIQI_torch,0.3726
Hotdog,Circularblur,1.0,Hotdog_circularBlur_1.png,VIF,VIF_Torch,1.3348
Hotdog,Circularblur,10.0,Hotdog_circularBlur_10.png,LPIPS,LPIPS_lpips,0.36976397037506104
Hotdog,Circularblur,10.0,Hotdog_circularBlur_10.png,SSIM,SSIM_skimage,0.7977685945238481
Hotdog,Circularblur,10.0,Hotdog_circularBlur_10.png,PSNR,PSNR_skimage,21.69733070943241
Hotdog,Circularblur,10.0,Hotdog_circularBlur_10.png,UIQI,UIQI_torch,0.0601
Hotdog,Circularblur,10.0,Hotdog_circularBlur_10.png,VIF,VIF_Torch,3.0654
Hotdog,Circularblur,2.0,Hotdog_circularBlur_2.png,LPIPS,LPIPS_lpips,0.10289797931909561
Hotdog,Circularblur,2.0,Hotdog_circularBlur_2.png,SSIM,SSIM_skimage,0.8626779885424295
Hotdog,Circularblur,2.0,Hotdog_circularBlur_2.png,PSNR,PSNR_skimage,28.15439386906094
Hotdog,Circularblur,2.0,Hotdog_circularBlur_2.png,UIQI,UIQI_torch,0.241
Hotdog,Circularblur,2.0,Hotdog_circularBlur_2.png,VIF,VIF_Torch,1.5893
Hotdog,Circularblur,3.0,Hotdog_circularBlur_3.png,LPIPS,LPIPS_lpips,0.16610360145568848
Hotdog,Circularblur,3.0,Hotdog_circularBlur_3.png,SSIM,SSIM_skimage,0.8410396802046479
Hotdog,Circularblur,3.0,Hotdog_circularBlur_3.png,PSNR,PSNR_skimage,26.15616908112273
Hotdog,Circularblur,3.0,Hotdog_circularBlur_3.png,UIQI,UIQI_torch,0.174
Hotdog,Circularblur,3.0,Hotdog_circularBlur_3.png,VIF,VIF_Torch,1.7639
Hotdog,Circularblur,4.0,Hotdog_circularBlur_4.png,LPIPS,LPIPS_lpips,0.21462514996528625
Hotdog,Circularblur,4.0,Hotdog_circularBlur_4.png,SSIM,SSIM_skimage,0.8281587740596473
Hotdog,Circularblur,4.0,Hotdog_circularBlur_4.png,PSNR,PSNR_skimage,24.897376945382735
Hotdog,Circularblur,4.0,Hotdog_circularBlur_4.png,UIQI,UIQI_torch,0.1345
Hotdog,Circularblur,4.0,Hotdog_circularBlur_4.png,VIF,VIF_Torch,1.9507
Hotdog,Circularblur,5.0,Hotdog_circularBlur_5.png,LPIPS,LPIPS_lpips,0.255817174911499
Hotdog,Circularblur,5.0,Hotdog_circularBlur_5.png,SSIM,SSIM_skimage,0.8203311798391285
Hotdog,Circularblur,5.0,Hotdog_circularBlur_5.png,PSNR,PSNR_skimage,24.02505113575647
Hotdog,Circularblur,5.0,Hotdog_circularBlur_5.png,UIQI,UIQI_torch,0.112
Hotdog,Circularblur,5.0,Hotdog_circularBlur_5.png,VIF,VIF_Torch,2.1837
Hotdog,Circularblur,7.5,Hotdog_circularBlur_7_5.png,LPIPS,LPIPS_lpips,0.3220336139202118
Hotdog,Circularblur,7.5,Hotdog_circularBlur_7_5.png,SSIM,SSIM_skimage,0.8067504114213587
Hotdog,Circularblur,7.5,Hotdog_circularBlur_7_5.png,PSNR,PSNR_skimage,22.594402457388362
Hotdog,Circularblur,7.5,Hotdog_circularBlur_7_5.png,UIQI,UIQI_torch,0.0782
Hotdog,Circularblur,7.5,Hotdog_circularBlur_7_5.png,VIF,VIF_Torch,2.6595
Hotdog,Dilation,0.0,Hotdog_dilation_0.bmp,LPIPS,LPIPS_lpips,0.0
Hotdog,Dilation,0.0,Hotdog_dilation_0.bmp,SSIM,SSIM_skimage,1.0
Hotdog,Dilation,0.0,Hotdog_dilation_0.bmp,PSNR,PSNR_skimage,inf
Hotdog,Dilation,0.0,Hotdog_dilation_0.bmp,UIQI,UIQI_torch,0.9498
Hotdog,Dilation,0.0,Hotdog_dilation_0.bmp,VIF,VIF_Torch,1.0
Hotdog,Dilation,1.0,Hotdog_dilation_1.png,LPIPS,LPIPS_lpips,0.0034970955457538366
Hotdog,Dilation,1.0,Hotdog_dilation_1.png,SSIM,SSIM_skimage,0.9558038589324581
Hotdog,Dilation,1.0,Hotdog_dilation_1.png,PSNR,PSNR_skimage,33.25350882523521
Hotdog,Dilation,1.0,Hotdog_dilation_1.png,UIQI,UIQI_torch,0.6871
Hotdog,Dilation,1.0,Hotdog_dilation_1.png,VIF,VIF_Torch,0.9093
Hotdog,Dilation,2.0,Hotdog_dilation_2.png,LPIPS,LPIPS_lpips,0.012866981327533722
Hotdog,Dilation,2.0,Hotdog_dilation_2.png,SSIM,SSIM_skimage,0.8934149941039476
Hotdog,Dilation,2.0,Hotdog_dilation_2.png,PSNR,PSNR_skimage,28.0469177556874
Hotdog,Dilation,2.0,Hotdog_dilation_2.png,UIQI,UIQI_torch,0.4124
Hotdog,Dilation,2.0,Hotdog_dilation_2.png,VIF,VIF_Torch,0.7235
Hotdog,Dilation,3.0,Hotdog_dilation_3.png,LPIPS,LPIPS_lpips,0.022406144067645073
Hotdog,Dilation,3.0,Hotdog_dilation_3.png,SSIM,SSIM_skimage,0.8606830516741991
Hotdog,Dilation,3.0,Hotdog_dilation_3.png,PSNR,PSNR_skimage,26.044830905151237
Hotdog,Dilation,3.0,Hotdog_dilation_3.png,UIQI,UIQI_torch,0.2917
Hotdog,Dilation,3.0,Hotdog_dilation_3.png,VIF,VIF_Torch,0.6213
Hotdog,Dilation,4.0,Hotdog_dilation_4.png,LPIPS,LPIPS_lpips,0.036620356142520905
Hotdog,Dilation,4.0,Hotdog_dilation_4.png,SSIM,SSIM_skimage,0.8377787562321538
Hotdog,Dilation,4.0,Hotdog_dilation_4.png,PSNR,PSNR_skimage,24.530881674814676
Hotdog,Dilation,4.0,Hotdog_dilation_4.png,UIQI,UIQI_torch,0.2298
Hotdog,Dilation,4.0,Hotdog_dilation_4.png,VIF,VIF_Torch,0.5556
Hotdog,Dilation,5.0,Hotdog_dilation_5.png,LPIPS,LPIPS_lpips,0.052903324365615845
Hotdog,Dilation,5.0,Hotdog_dilation_5.png,SSIM,SSIM_skimage,0.8229116834935947
Hotdog,Dilation,5.0,Hotdog_dilation_5.png,PSNR,PSNR_skimage,23.451249765419387
Hotdog,Dilation,5.0,Hotdog_dilation_5.png,UIQI,UIQI_torch,0.1907
Hotdog,Dilation,5.0,Hotdog_dilation_5.png,VIF,VIF_Torch,0.523
Hotdog,Hole,0.0,Hotdog_hole_0.bmp,LPIPS,LPIPS_lpips,0.0
Hotdog,Hole,0.0,Hotdog_hole_0.bmp,SSIM,SSIM_skimage,1.0
Hotdog,Hole,0.0,Hotdog_hole_0.bmp,PSNR,PSNR_skimage,inf
Hotdog,Hole,0.0,Hotdog_hole_0.bmp,UIQI,UIQI_torch,0.9498
Hotdog,Hole,0.0,Hotdog_hole_0.bmp,VIF,VIF_Torch,1.0
Hotdog,Hole,0.01,Hotdog_hole_0_01.png,LPIPS,LPIPS_lpips,0.00538104772567749
Hotdog,Hole,0.01,Hotdog_hole_0_01.png,SSIM,SSIM_skimage,0.9998088202443635
Hotdog,Hole,0.01,Hotdog_hole_0_01.png,PSNR,PSNR_skimage,42.12714118195024
Hotdog,Hole,0.01,Hotdog_hole_0_01.png,UIQI,UIQI_torch,0.9496
Hotdog,Hole,0.01,Hotdog_hole_0_01.png,VIF,VIF_Torch,0.9883
Hotdog,Hole,0.05,Hotdog_hole_0_05.png,LPIPS,LPIPS_lpips,0.025227798148989677
Hotdog,Hole,0.05,Hotdog_hole_0_05.png,SSIM,SSIM_skimage,0.9962108558130195
Hotdog,Hole,0.05,Hotdog_hole_0_05.png,PSNR,PSNR_skimage,28.318524149409072
Hotdog,Hole,0.05,Hotdog_hole_0_05.png,UIQI,UIQI_torch,0.9459
Hotdog,Hole,0.05,Hotdog_hole_0_05.png,VIF,VIF_Torch,0.9504
Hotdog,Hole,0.1,Hotdog_hole_0_1.png,LPIPS,LPIPS_lpips,0.03559328615665436
Hotdog,Hole,0.1,Hotdog_hole_0_1.png,SSIM,SSIM_skimage,0.9852553686672098
Hotdog,Hole,0.1,Hotdog_hole_0_1.png,PSNR,PSNR_skimage,22.496102709691783
Hotdog,Hole,0.1,Hotdog_hole_0_1.png,UIQI,UIQI_torch,0.9351
Hotdog,Hole,0.1,Hotdog_hole_0_1.png,VIF,VIF_Torch,0.9107
Hotdog,Hole,0.15,Hotdog_hole_0_15.png,LPIPS,LPIPS_lpips,0.0435614250600338
Hotdog,Hole,0.15,Hotdog_hole_0_15.png,SSIM,SSIM_skimage,0.967281421560835
Hotdog,Hole,0.15,Hotdog_hole_0_15.png,PSNR,PSNR_skimage,19.61180410451701
Hotdog,Hole,0.15,Hotdog_hole_0_15.png,UIQI,UIQI_torch,0.9172
Hotdog,Hole,0.15,Hotdog_hole_0_15.png,VIF,VIF_Torch,0.9042
Hotdog,Hole,0.2,Hotdog_hole_0_2.png,LPIPS,LPIPS_lpips,0.06349891424179077
Hotdog,Hole,0.2,Hotdog_hole_0_2.png,SSIM,SSIM_skimage,0.9419708759171354
Hotdog,Hole,0.2,Hotdog_hole_0_2.png,PSNR,PSNR_skimage,17.861899794560355
Hotdog,Hole,0.2,Hotdog_hole_0_2.png,UIQI,UIQI_torch,0.8919
Hotdog,Hole,0.2,Hotdog_hole_0_2.png,VIF,VIF_Torch,0.8706
Hotdog,Hole,0.3,Hotdog_hole_0_3.png,LPIPS,LPIPS_lpips,0.15201131999492645
Hotdog,Hole,0.3,Hotdog_hole_0_3.png,SSIM,SSIM_skimage,0.8701561523141894
Hotdog,Hole,0.3,Hotdog_hole_0_3.png,PSNR,PSNR_skimage,14.211829965841876
Hotdog,Hole,0.3,Hotdog_hole_0_3.png,UIQI,UIQI_torch,0.8208
Hotdog,Hole,0.3,Hotdog_hole_0_3.png,VIF,VIF_Torch,0.6898
Hotdog,Hole,0.4,Hotdog_hole_0_4.png,LPIPS,LPIPS_lpips,0.26648014783859253
Hotdog,Hole,0.4,Hotdog_hole_0_4.png,SSIM,SSIM_skimage,0.76974943251314
Hotdog,Hole,0.4,Hotdog_hole_0_4.png,PSNR,PSNR_skimage,11.391299518214337
Hotdog,Hole,0.4,Hotdog_hole_0_4.png,UIQI,UIQI_torch,0.725
Hotdog,Hole,0.4,Hotdog_hole_0_4.png,VIF,VIF_Torch,0.6517
Hotdog,Noise,0.0,Hotdog_noise_0.bmp,LPIPS,LPIPS_lpips,0.0
Hotdog,Noise,0.0,Hotdog_noise_0.bmp,SSIM,SSIM_skimage,1.0
Hotdog,Noise,0.0,Hotdog_noise_0.bmp,PSNR,PSNR_skimage,inf
Hotdog,Noise,0.0,Hotdog_noise_0.bmp,UIQI,UIQI_torch,0.9498
Hotdog,Noise,0.0,Hotdog_noise_0.bmp,VIF,VIF_Torch,1.0
Hotdog,Noise,1.0,Hotdog_noise_1.png,LPIPS,LPIPS_lpips,0.00012890352809336036
Hotdog,Noise,1.0,Hotdog_noise_1.png,SSIM,SSIM_skimage,0.9865961290396857
Hotdog,Noise,1.0,Hotdog_noise_1.png,PSNR,PSNR_skimage,46.91666671536035
Hotdog,Noise,1.0,Hotdog_noise_1.png,UIQI,UIQI_torch,0.797
Hotdog,Noise,1.0,Hotdog_noise_1.png,VIF,VIF_Torch,0.9768
Hotdog,Noise,10.0,Hotdog_noise_10.png,LPIPS,LPIPS_lpips,0.0004648207104764879
Hotdog,Noise,10.0,Hotdog_noise_10.png,SSIM,SSIM_skimage,0.47516374618880836
Hotdog,Noise,10.0,Hotdog_noise_10.png,PSNR,PSNR_skimage,28.174542779382683
Hotdog,Noise,10.0,Hotdog_noise_10.png,UIQI,UIQI_torch,0.1695
Hotdog,Noise,10.0,Hotdog_noise_10.png,VIF,VIF_Torch,0.349
Hotdog,Noise,2.0,Hotdog_noise_2.png,LPIPS,LPIPS_lpips,0.00012710476585198194
Hotdog,Noise,2.0,Hotdog_noise_2.png,SSIM,SSIM_skimage,0.9519650327437371
Hotdog,Noise,2.0,Hotdog_noise_2.png,PSNR,PSNR_skimage,41.804151645606005
Hotdog,Noise,2.0,Hotdog_noise_2.png,UIQI,UIQI_torch,0.6187
Hotdog,Noise,2.0,Hotdog_noise_2.png,VIF,VIF_Torch,0.9233
Hotdog,Noise,20.0,Hotdog_noise_20.png,LPIPS,LPIPS_lpips,0.0022764443419873714
Hotdog,Noise,20.0,Hotdog_noise_20.png,SSIM,SSIM_skimage,0.20689777249312155
Hotdog,Noise,20.0,Hotdog_noise_20.png,PSNR,PSNR_skimage,22.21750231862936
Hotdog,Noise,20.0,Hotdog_noise_20.png,UIQI,UIQI_torch,0.0735
Hotdog,Noise,20.0,Hotdog_noise_20.png,VIF,VIF_Torch,0.1031
Hotdog,Noise,35.0,Hotdog_noise_35.png,LPIPS,LPIPS_lpips,0.0105852410197258
Hotdog,Noise,35.0,Hotdog_noise_35.png,SSIM,SSIM_skimage,0.09019382524888521
Hotdog,Noise,35.0,Hotdog_noise_35.png,PSNR,PSNR_skimage,17.50133364436567
Hotdog,Noise,35.0,Hotdog_noise_35.png,UIQI,UIQI_torch,0.0334
Hotdog,Noise,35.0,Hotdog_noise_35.png,VIF,VIF_Torch,0.0289
Hotdog,Noise,5.0,Hotdog_noise_5.png,LPIPS,LPIPS_lpips,0.00016736326506361365
Hotdog,Noise,5.0,Hotdog_noise_5.png,SSIM,SSIM_skimage,0.7694723021439912
Hotdog,Noise,5.0,Hotdog_noise_5.png,PSNR,PSNR_skimage,34.141141407235516
Hotdog,Noise,5.0,Hotdog_noise_5.png,UIQI,UIQI_torch,0.3323
Hotdog,Noise,5.0,Hotdog_noise_5.png,VIF,VIF_Torch,0.6845
Hotdog,Noise,50.0,Hotdog_noise_50.png,LPIPS,LPIPS_lpips,0.02485450729727745
Hotdog,Noise,50.0,Hotdog_noise_50.png,SSIM,SSIM_skimage,0.05180801545653146
Hotdog,Noise,50.0,Hotdog_noise_50.png,PSNR,PSNR_skimage,14.654837475117395
Hotdog,Noise,50.0,Hotdog_noise_50.png,UIQI,UIQI_torch,0.0193
Hotdog,Noise,50.0,Hotdog_noise_50.png,VIF,VIF_Torch,0.0122
Hotdog,Rotate,0.0,Hotdog_rotate_0.bmp,LPIPS,LPIPS_lpips,0.0
Hotdog,Rotate,0.0,Hotdog_rotate_0.bmp,SSIM,SSIM_skimage,1.0
Hotdog,Rotate,0.0,Hotdog_rotate_0.bmp,PSNR,PSNR_skimage,inf
Hotdog,Rotate,0.0,Hotdog_rotate_0.bmp,UIQI,UIQI_torch,0.9498
Hotdog,Rotate,0.0,Hotdog_rotate_0.bmp,VIF,VIF_Torch,1.0
Hotdog,Rotate,1.0,Hotdog_rotate_1.png,LPIPS,LPIPS_lpips,0.07706019282341003
Hotdog,Rotate,1.0,Hotdog_rotate_1.png,SSIM,SSIM_skimage,0.720603608310968
Hotdog,Rotate,1.0,Hotdog_rotate_1.png,PSNR,PSNR_skimage,19.9944088901546
Hotdog,Rotate,1.0,Hotdog_rotate_1.png,UIQI,UIQI_torch,0.0335
Hotdog,Rotate,1.0,Hotdog_rotate_1.png,VIF,VIF_Torch,0.1464
Hotdog,Rotate,10.0,Hotdog_rotate_10.png,LPIPS,LPIPS_lpips,0.42125600576400757
Hotdog,Rotate,10.0,Hotdog_rotate_10.png,SSIM,SSIM_skimage,0.5800524561008902
Hotdog,Rotate,10.0,Hotdog_rotate_10.png,PSNR,PSNR_skimage,12.115758598563113
Hotdog,Rotate,10.0,Hotdog_rotate_10.png,UIQI,UIQI_torch,0.0032
Hotdog,Rotate,10.0,Hotdog_rotate_10.png,VIF,VIF_Torch,0.0604
Hotdog,Rotate,15.0,Hotdog_rotate_15.png,LPIPS,LPIPS_lpips,0.5040864944458008
Hotdog,Rotate,15.0,Hotdog_rotate_15.png,SSIM,SSIM_skimage,0.5313900338972969
Hotdog,Rotate,15.0,Hotdog_rotate_15.png,PSNR,PSNR_skimage,10.804382657492852
Hotdog,Rotate,15.0,Hotdog_rotate_15.png,UIQI,UIQI_torch,0.0012
Hotdog,Rotate,15.0,Hotdog_rotate_15.png,VIF,VIF_Torch,0.0539
Hotdog,Rotate,2.0,Hotdog_rotate_2.png,LPIPS,LPIPS_lpips,0.12500928342342377
Hotdog,Rotate,2.0,Hotdog_rotate_2.png,SSIM,SSIM_skimage,0.688769104789268
Hotdog,Rotate,2.0,Hotdog_rotate_2.png,PSNR,PSNR_skimage,17.418450660236353
Hotdog,Rotate,2.0,Hotdog_rotate_2.png,UIQI,UIQI_torch,0.0127
Hotdog,Rotate,2.0,Hotdog_rotate_2.png,VIF,VIF_Torch,0.0996
Hotdog,Rotate,20.0,Hotdog_rotate_20.png,LPIPS,LPIPS_lpips,0.5490814447402954
Hotdog,Rotate,20.0,Hotdog_rotate_20.png,SSIM,SSIM_skimage,0.49409498449923284
Hotdog,Rotate,20.0,Hotdog_rotate_20.png,PSNR,PSNR_skimage,9.96336542547278
Hotdog,Rotate,20.0,Hotdog_rotate_20.png,UIQI,UIQI_torch,-8.6019e-05
Hotdog,Rotate,20.0,Hotdog_rotate_20.png,VIF,VIF_Torch,0.0476
Hotdog,Rotate,3.0,Hotdog_rotate_3.png,LPIPS,LPIPS_lpips,0.1746167540550232
Hotdog,Rotate,3.0,Hotdog_rotate_3.png,SSIM,SSIM_skimage,0.6687373566337409
Hotdog,Rotate,3.0,Hotdog_rotate_3.png,PSNR,PSNR_skimage,16.057485992050353
Hotdog,Rotate,3.0,Hotdog_rotate_3.png,UIQI,UIQI_torch,0.008
Hotdog,Rotate,3.0,Hotdog_rotate_3.png,VIF,VIF_Torch,0.0853
Hotdog,Rotate,35.0,Hotdog_rotate_35.png,LPIPS,LPIPS_lpips,0.6407212018966675
Hotdog,Rotate,35.0,Hotdog_rotate_35.png,SSIM,SSIM_skimage,0.404135609949918
Hotdog,Rotate,35.0,Hotdog_rotate_35.png,PSNR,PSNR_skimage,8.437979871910144
Hotdog,Rotate,35.0,Hotdog_rotate_35.png,UIQI,UIQI_torch,0.0004
Hotdog,Rotate,35.0,Hotdog_rotate_35.png,VIF,VIF_Torch,0.0477
Hotdog,Rotate,5.0,Hotdog_rotate_5.png,LPIPS,LPIPS_lpips,0.26414602994918823
Hotdog,Rotate,5.0,Hotdog_rotate_5.png,SSIM,SSIM_skimage,0.6396433065476409
Hotdog,Rotate,5.0,Hotdog_rotate_5.png,PSNR,PSNR_skimage,14.423837293158945
Hotdog,Rotate,5.0,Hotdog_rotate_5.png,UIQI,UIQI_torch,0.0038
Hotdog,Rotate,5.0,Hotdog_rotate_5.png,VIF,VIF_Torch,0.0737
Hotdog,Saturation,0.0,Hotdog_saturation_0.bmp,LPIPS,LPIPS_lpips,0.0
Hotdog,Saturation,0.0,Hotdog_saturation_0.bmp,SSIM,SSIM_skimage,1.0
Hotdog,Saturation,0.0,Hotdog_saturation_0.bmp,PSNR,PSNR_skimage,inf
Hotdog,Saturation,0.0,Hotdog_saturation_0.bmp,UIQI,UIQI_torch,0.9498
Hotdog,Saturation,0.0,Hotdog_saturation_0.bmp,VIF,VIF_Torch,1.0
Hotdog,Saturation,1.05,Hotdog_saturation_1_05.png,LPIPS,LPIPS_lpips,0.0011264251079410315
Hotdog,Saturation,1.05,Hotdog_saturation_1_05.png,SSIM,SSIM_skimage,0.990593675395045
Hotdog,Saturation,1.05,Hotdog_saturation_1_05.png,PSNR,PSNR_skimage,39.99121176090248
Hotdog,Saturation,1.05,Hotdog_saturation_1_05.png,UIQI,UIQI_torch,0.924
Hotdog,Saturation,1.05,Hotdog_saturation_1_05.png,VIF,VIF_Torch,0.9898
Hotdog,Saturation,1.1,Hotdog_saturation_1_1.png,LPIPS,LPIPS_lpips,0.004249467980116606
Hotdog,Saturation,1.1,Hotdog_saturation_1_1.png,SSIM,SSIM_skimage,0.9774372657307823
Hotdog,Saturation,1.1,Hotdog_saturation_1_1.png,PSNR,PSNR_skimage,33.55249505550078
Hotdog,Saturation,1.1,Hotdog_saturation_1_1.png,UIQI,UIQI_torch,0.9033
Hotdog,Saturation,1.1,Hotdog_saturation_1_1.png,VIF,VIF_Torch,0.9829
Hotdog,Saturation,1.15,Hotdog_saturation_1_15.png,LPIPS,LPIPS_lpips,0.006409001536667347
Hotdog,Saturation,1.15,Hotdog_saturation_1_15.png,SSIM,SSIM_skimage,0.9748585731987566
Hotdog,Saturation,1.15,Hotdog_saturation_1_15.png,PSNR,PSNR_skimage,32.352546183164456
Hotdog,Saturation,1.15,Hotdog_saturation_1_15.png,UIQI,UIQI_torch,0.8918
Hotdog,Saturation,1.15,Hotdog_saturation_1_15.png,VIF,VIF_Torch,0.9748
Hotdog,Saturation,1.2,Hotdog_saturation_1_2.png,LPIPS,LPIPS_lpips,0.009018609300255775
Hotdog,Saturation,1.2,Hotdog_saturation_1_2.png,SSIM,SSIM_skimage,0.9738392437075903
Hotdog,Saturation,1.2,Hotdog_saturation_1_2.png,PSNR,PSNR_skimage,31.647531881896832
Hotdog,Saturation,1.2,Hotdog_saturation_1_2.png,UIQI,UIQI_torch,0.8808
Hotdog,Saturation,1.2,Hotdog_saturation_1_2.png,VIF,VIF_Torch,0.9671
Hotdog,Saturation,1.5,Hotdog_saturation_1_5.png,LPIPS,LPIPS_lpips,0.037813253700733185
Hotdog,Saturation,1.5,Hotdog_saturation_1_5.png,SSIM,SSIM_skimage,0.9655489342465252
Hotdog,Saturation,1.5,Hotdog_saturation_1_5.png,PSNR,PSNR_skimage,27.319288721272102
Hotdog,Saturation,1.5,Hotdog_saturation_1_5.png,UIQI,UIQI_torch,0.8173
Hotdog,Saturation,1.5,Hotdog_saturation_1_5.png,VIF,VIF_Torch,0.9155
Hotdog,Saturation,1.75,Hotdog_saturation_1_75.png,LPIPS,LPIPS_lpips,0.06943239271640778
Hotdog,Saturation,1.75,Hotdog_saturation_1_75.png,SSIM,SSIM_skimage,0.9520325785009525
Hotdog,Saturation,1.75,Hotdog_saturation_1_75.png,PSNR,PSNR_skimage,24.07653768078889
Hotdog,Saturation,1.75,Hotdog_saturation_1_75.png,UIQI,UIQI_torch,0.7582
Hotdog,Saturation,1.75,Hotdog_saturation_1_75.png,VIF,VIF_Torch,0.864
Hotdog,Saturation,2.0,Hotdog_saturation_2.png,LPIPS,LPIPS_lpips,0.09712234139442444
Hotdog,Saturation,2.0,Hotdog_saturation_2.png,SSIM,SSIM_skimage,0.93665598836169
Hotdog,Saturation,2.0,Hotdog_saturation_2.png,PSNR,PSNR_skimage,22.044318932526956
Hotdog,Saturation,2.0,Hotdog_saturation_2.png,UIQI,UIQI_torch,0.7028
Hotdog,Saturation,2.0,Hotdog_saturation_2.png,VIF,VIF_Torch,0.823
Hotdog,Shift,0.0,Hotdog_shift_0.bmp,LPIPS,LPIPS_lpips,0.0
Hotdog,Shift,0.0,Hotdog_shift_0.bmp,SSIM,SSIM_skimage,1.0
Hotdog,Shift,0.0,Hotdog_shift_0.bmp,PSNR,PSNR_skimage,inf
Hotdog,Shift,0.0,Hotdog_shift_0.bmp,UIQI,UIQI_torch,0.9498
Hotdog,Shift,0.0,Hotdog_shift_0.bmp,VIF,VIF_Torch,1.0
Hotdog,Shift,0.01,Hotdog_shift_0_01.png,LPIPS,LPIPS_lpips,0.056893378496170044
Hotdog,Shift,0.01,Hotdog_shift_0_01.png,SSIM,SSIM_skimage,0.712210986762949
Hotdog,Shift,0.01,Hotdog_shift_0_01.png,PSNR,PSNR_skimage,20.910968669087175
Hotdog,Shift,0.01,Hotdog_shift_0_01.png,UIQI,UIQI_torch,0.0086
Hotdog,Shift,0.01,Hotdog_shift_0_01.png,VIF,VIF_Torch,0.1262
Hotdog,Shift,0.02,Hotdog_shift_0_02.png,LPIPS,LPIPS_lpips,0.09365998953580856
Hotdog,Shift,0.02,Hotdog_shift_0_02.png,SSIM,SSIM_skimage,0.6706543072538113
Hotdog,Shift,0.02,Hotdog_shift_0_02.png,PSNR,PSNR_skimage,18.152263620904034
Hotdog,Shift,0.02,Hotdog_shift_0_02.png,UIQI,UIQI_torch,-0.011
Hotdog,Shift,0.02,Hotdog_shift_0_02.png,VIF,VIF_Torch,0.0834
Hotdog,Shift,0.05,Hotdog_shift_0_05.png,LPIPS,LPIPS_lpips,0.24495309591293335
Hotdog,Shift,0.05,Hotdog_shift_0_05.png,SSIM,SSIM_skimage,0.6311392876787371
Hotdog,Shift,0.05,Hotdog_shift_0_05.png,PSNR,PSNR_skimage,15.110814897424012
Hotdog,Shift,0.05,Hotdog_shift_0_05.png,UIQI,UIQI_torch,-0.0059
Hotdog,Shift,0.05,Hotdog_shift_0_05.png,VIF,VIF_Torch,0.0584
Hotdog,Shift,0.1,Hotdog_shift_0_1.png,LPIPS,LPIPS_lpips,0.4372677206993103
Hotdog,Shift,0.1,Hotdog_shift_0_1.png,SSIM,SSIM_skimage,0.5789117952105253
Hotdog,Shift,0.1,Hotdog_shift_0_1.png,PSNR,PSNR_skimage,12.95921350826849
Hotdog,Shift,0.1,Hotdog_shift_0_1.png,UIQI,UIQI_torch,0.001
Hotdog,Shift,0.1,Hotdog_shift_0_1.png,VIF,VIF_Torch,0.0589
Hotdog,Shift,0.2,Hotdog_shift_0_2.png,LPIPS,LPIPS_lpips,0.6176712512969971
Hotdog,Shift,0.2,Hotdog_shift_0_2.png,SSIM,SSIM_skimage,0.4706886040348289
Hotdog,Shift,0.2,Hotdog_shift_0_2.png,PSNR,PSNR_skimage,10.584864186002825
Hotdog,Shift,0.2,Hotdog_shift_0_2.png,UIQI,UIQI_torch,-0.0019
Hotdog,Shift,0.2,Hotdog_shift_0_2.png,VIF,VIF_Torch,0.0478
Hotdog,Shift,0.3,Hotdog_shift_0_3.png,LPIPS,LPIPS_lpips,0.6804085969924927
Hotdog,Shift,0.3,Hotdog_shift_0_3.png,SSIM,SSIM_skimage,0.39240918024963484
Hotdog,Shift,0.3,Hotdog_shift_0_3.png,PSNR,PSNR_skimage,9.247156868858722
Hotdog,Shift,0.3,Hotdog_shift_0_3.png,UIQI,UIQI_torch,-0.0007
Hotdog,Shift,0.3,Hotdog_shift_0_3.png,VIF,VIF_Torch,0.0435
Ziemniaki,Blur,0.0,Ziemniaki_blur_0.bmp,LPIPS,LPIPS_lpips,0.0
Ziemniaki,Blur,0.0,Ziemniaki_blur_0.bmp,SSIM,SSIM_skimage,1.0
Ziemniaki,Blur,0.0,Ziemniaki_blur_0.bmp,PSNR,PSNR_skimage,inf
Ziemniaki,Blur,0.0,Ziemniaki_blur_0.bmp,UIQI,UIQI_torch,0.9818
Ziemniaki,Blur,0.0,Ziemniaki_blur_0.bmp,VIF,VIF_Torch,1.0
Ziemniaki,Blur,1.0,Ziemniaki_blur_1.png,LPIPS,LPIPS_lpips,0.00035907729761675
Ziemniaki,Blur,1.0,Ziemniaki_blur_1.png,SSIM,SSIM_skimage,0.8482150838304224
Ziemniaki,Blur,1.0,Ziemniaki_blur_1.png,PSNR,PSNR_skimage,28.634634551774916
Ziemniaki,Blur,1.0,Ziemniaki_blur_1.png,UIQI,UIQI_torch,0.693
Ziemniaki,Blur,1.0,Ziemniaki_blur_1.png,VIF,VIF_Torch,1.6698
Ziemniaki,Blur,10.0,Ziemniaki_blur_10.png,LPIPS,LPIPS_lpips,0.2480478286743164
Ziemniaki,Blur,10.0,Ziemniaki_blur_10.png,SSIM,SSIM_skimage,0.32614842335178174
Ziemniaki,Blur,10.0,Ziemniaki_blur_10.png,PSNR,PSNR_skimage,21.238050064003545
Ziemniaki,Blur,10.0,Ziemniaki_blur_10.png,UIQI,UIQI_torch,0.0099
Ziemniaki,Blur,10.0,Ziemniaki_blur_10.png,VIF,VIF_Torch,5.9546
Ziemniaki,Blur,12.5,Ziemniaki_blur_12_5.png,LPIPS,LPIPS_lpips,0.31613487005233765
Ziemniaki,Blur,12.5,Ziemniaki_blur_12_5.png,SSIM,SSIM_skimage,0.32237218237731935
Ziemniaki,Blur,12.5,Ziemniaki_blur_12_5.png,PSNR,PSNR_skimage,20.961006640894997
Ziemniaki,Blur,12.5,Ziemniaki_blur_12_5.png,UIQI,UIQI_torch,0.0062
Ziemniaki,Blur,12.5,Ziemniaki_blur_12_5.png,VIF,VIF_Torch,7.5715
Ziemniaki,Blur,15.0,Ziemniaki_blur_15.png,LPIPS,LPIPS_lpips,0.37144938111305237
Ziemniaki,Blur,15.0,Ziemniaki_blur_15.png,SSIM,SSIM_skimage,0.3201826265440557
Ziemniaki,Blur,15.0,Ziemniaki_blur_15.png,PSNR,PSNR_skimage,20.742556383501075
Ziemniaki,Blur,15.0,Ziemniaki_blur_15.png,UIQI,UIQI_torch,0.0037
Ziemniaki,Blur,15.0,Ziemniaki_blur_15.png,VIF,VIF_Torch,9.2177
Ziemniaki,Blur,2.0,Ziemniaki_blur_2.png,LPIPS,LPIPS_lpips,0.0036432608030736446
Ziemniaki,Blur,2.0,Ziemniaki_blur_2.png,SSIM,SSIM_skimage,0.5775126328439465
Ziemniaki,Blur,2.0,Ziemniaki_blur_2.png,PSNR,PSNR_skimage,24.45570725007
Ziemniaki,Blur,2.0,Ziemniaki_blur_2.png,UIQI,UIQI_torch,0.2844
Ziemniaki,Blur,2.0,Ziemniaki_blur_2.png,VIF,VIF_Torch,2.2884
Ziemniaki,Blur,3.0,Ziemniaki_blur_3.png,LPIPS,LPIPS_lpips,0.01425962895154953
Ziemniaki,Blur,3.0,Ziemniaki_blur_3.png,SSIM,SSIM_skimage,0.4437961800046824
Ziemniaki,Blur,3.0,Ziemniaki_blur_3.png,PSNR,PSNR_skimage,23.144743264157697
Ziemniaki,Blur,3.0,Ziemniaki_blur_3.png,UIQI,UIQI_torch,0.1259
Ziemniaki,Blur,3.0,Ziemniaki_blur_3.png,VIF,VIF_Torch,2.6246
Ziemniaki,Blur,5.0,Ziemniaki_blur_5.png,LPIPS,LPIPS_lpips,0.06586099416017532
Ziemniaki,Blur,5.0,Ziemniaki_blur_5.png,SSIM,SSIM_skimage,0.36013443662009165
Ziemniaki,Blur,5.0,Ziemniaki_blur_5.png,PSNR,PSNR_skimage,22.168655708509032
Ziemniaki,Blur,5.0,Ziemniaki_blur_5.png,UIQI,UIQI_torch,0.042
Ziemniaki,Blur,5.0,Ziemniaki_blur_5.png,VIF,VIF_Torch,3.2705
Ziemniaki,Blur,7.5,Ziemniaki_blur_7_5.png,LPIPS,LPIPS_lpips,0.15943486988544464
Ziemniaki,Blur,7.5,Ziemniaki_blur_7_5.png,SSIM,SSIM_skimage,0.3355290200671271
Ziemniaki,Blur,7.5,Ziemniaki_blur_7_5.png,PSNR,PSNR_skimage,21.613218577127462
Ziemniaki,Blur,7.5,Ziemniaki_blur_7_5.png,UIQI,UIQI_torch,0.0188
Ziemniaki,Blur,7.5,Ziemniaki_blur_7_5.png,VIF,VIF_Torch,4.5537
Ziemniaki,Brightness,0.0,Ziemniaki_brightness_0.bmp,LPIPS,LPIPS_lpips,0.0
Ziemniaki,Brightness,0.0,Ziemniaki_brightness_0.bmp,SSIM,SSIM_skimage,1.0
Ziemniaki,Brightness,0.0,Ziemniaki_brightness_0.bmp,PSNR,PSNR_skimage,inf
Ziemniaki,Brightness,0.0,Ziemniaki_brightness_0.bmp,UIQI,UIQI_torch,0.9818
Ziemniaki,Brightness,0.0,Ziemniaki_brightness_0.bmp,VIF,VIF_Torch,1.0
Ziemniaki,Brightness,1.02,Ziemniaki_brightness_1_02.png,LPIPS,LPIPS_lpips,0.000342346029356122
Ziemniaki,Brightness,1.02,Ziemniaki_brightness_1_02.png,SSIM,SSIM_skimage,0.9995747931276474
Ziemniaki,Brightness,1.02,Ziemniaki_brightness_1_02.png,PSNR,PSNR_skimage,40.682910776683514
Ziemniaki,Brightness,1.02,Ziemniaki_brightness_1_02.png,UIQI,UIQI_torch,0.9052
Ziemniaki,Brightness,1.02,Ziemniaki_brightness_1_02.png,VIF,VIF_Torch,0.9616
Ziemniaki,Brightness,1.05,Ziemniaki_brightness_1_05.png,LPIPS,LPIPS_lpips,0.0017233623657375574
Ziemniaki,Brightness,1.05,Ziemniaki_brightness_1_05.png,SSIM,SSIM_skimage,0.9978245543684329
Ziemniaki,Brightness,1.05,Ziemniaki_brightness_1_05.png,PSNR,PSNR_skimage,31.874421930866777
Ziemniaki,Brightness,1.05,Ziemniaki_brightness_1_05.png,UIQI,UIQI_torch,0.7727
Ziemniaki,Brightness,1.05,Ziemniaki_brightness_1_05.png,VIF,VIF_Torch,0.9083
Ziemniaki,Brightness,1.1,Ziemniaki_brightness_1_1.png,LPIPS,LPIPS_lpips,0.0060595260001719
Ziemniaki,Brightness,1.1,Ziemniaki_brightness_1_1.png,SSIM,SSIM_skimage,0.9917936939581319
Ziemniaki,Brightness,1.1,Ziemniaki_brightness_1_1.png,PSNR,PSNR_skimage,25.543130125578447
Ziemniaki,Brightness,1.1,Ziemniaki_brightness_1_1.png,UIQI,UIQI_torch,0.5931
Ziemniaki,Brightness,1.1,Ziemniaki_brightness_1_1.png,VIF,VIF_Torch,0.8314
Ziemniaki,Brightness,1.2,Ziemniaki_brightness_1_2.png,LPIPS,LPIPS_lpips,0.020696468651294708
Ziemniaki,Brightness,1.2,Ziemniaki_brightness_1_2.png,SSIM,SSIM_skimage,0.9688622111950779
Ziemniaki,Brightness,1.2,Ziemniaki_brightness_1_2.png,PSNR,PSNR_skimage,19.768839029512034
Ziemniaki,Brightness,1.2,Ziemniaki_brightness_1_2.png,UIQI,UIQI_torch,0.3401
Ziemniaki,Brightness,1.2,Ziemniaki_brightness_1_2.png,VIF,VIF_Torch,0.7211
Ziemniaki,Brightness,1.5,Ziemniaki_brightness_1_5.png,LPIPS,LPIPS_lpips,0.09418274462223053
Ziemniaki,Brightness,1.5,Ziemniaki_brightness_1_5.png,SSIM,SSIM_skimage,0.8412240365192883
Ziemniaki,Brightness,1.5,Ziemniaki_brightness_1_5.png,PSNR,PSNR_skimage,12.717615049908261
Ziemniaki,Brightness,1.5,Ziemniaki_brightness_1_5.png,UIQI,UIQI_torch,0.0457
Ziemniaki,Brightness,1.5,Ziemniaki_brightness_1_5.png,VIF,VIF_Torch,0.5521
Ziemniaki,Brightness,1.75,Ziemniaki_brightness_1_75.png,LPIPS,LPIPS_lpips,0.18401706218719482
Ziemniaki,Brightness,1.75,Ziemniaki_brightness_1_75.png,SSIM,SSIM_skimage,0.7281107589374393
Ziemniaki,Brightness,1.75,Ziemniaki_brightness_1_75.png,PSNR,PSNR_skimage,10.080978989915474
Ziemniaki,Brightness,1.75,Ziemniaki_brightness_1_75.png,UIQI,UIQI_torch,-0.043
Ziemniaki,Brightness,1.75,Ziemniaki_brightness_1_75.png,VIF,VIF_Torch,0.5142
Ziemniaki,Brightness,2.0,Ziemniaki_brightness_2.png,LPIPS,LPIPS_lpips,0.2978978753089905
Ziemniaki,Brightness,2.0,Ziemniaki_brightness_2.png,SSIM,SSIM_skimage,0.6192338394588901
Ziemniaki,Brightness,2.0,Ziemniaki_brightness_2.png,PSNR,PSNR_skimage,8.50373749167699
Ziemniaki,Brightness,2.0,Ziemniaki_brightness_2.png,UIQI,UIQI_torch,-0.0875
Ziemniaki,Brightness,2.0,Ziemniaki_brightness_2.png,VIF,VIF_Torch,0.5164
Ziemniaki,Brightness,2.25,Ziemniaki_brightness_2_25.png,LPIPS,LPIPS_lpips,0.42790818214416504
Ziemniaki,Brightness,2.25,Ziemniaki_brightness_2_25.png,SSIM,SSIM_skimage,0.5114234366388327
Ziemniaki,Brightness,2.25,Ziemniaki_brightness_2_25.png,PSNR,PSNR_skimage,7.633714187444587
Ziemniaki,Brightness,2.25,Ziemniaki_brightness_2_25.png,UIQI,UIQI_torch,-0.1059
Ziemniaki,Brightness,2.25,Ziemniaki_brightness_2_25.png,VIF,VIF_Torch,0.5112
Ziemniaki,Circularblur,0.0,Ziemniaki_circularBlur_0.bmp,LPIPS,LPIPS_lpips,0.0
Ziemniaki,Circularblur,0.0,Ziemniaki_circularBlur_0.bmp,SSIM,SSIM_skimage,1.0
Ziemniaki,Circularblur,0.0,Ziemniaki_circularBlur_0.bmp,PSNR,PSNR_skimage,inf
Ziemniaki,Circularblur,0.0,Ziemniaki_circularBlur_0.bmp,UIQI,UIQI_torch,0.9818
Ziemniaki,Circularblur,0.0,Ziemniaki_circularBlur_0.bmp,VIF,VIF_Torch,1.0
Ziemniaki,Circularblur,1.0,Ziemniaki_circularBlur_1.png,LPIPS,LPIPS_lpips,0.09202075749635696
Ziemniaki,Circularblur,1.0,Ziemniaki_circularBlur_1.png,SSIM,SSIM_skimage,0.4532457803334287
Ziemniaki,Circularblur,1.0,Ziemniaki_circularBlur_1.png,PSNR,PSNR_skimage,22.42504745811299
Ziemniaki,Circularblur,1.0,Ziemniaki_circularBlur_1.png,UIQI,UIQI_torch,0.1509
Ziemniaki,Circularblur,1.0,Ziemniaki_circularBlur_1.png,VIF,VIF_Torch,1.4438
Ziemniaki,Circularblur,10.0,Ziemniaki_circularBlur_10.png,LPIPS,LPIPS_lpips,0.4678228497505188
Ziemniaki,Circularblur,10.0,Ziemniaki_circularBlur_10.png,SSIM,SSIM_skimage,0.3241613918124075
Ziemniaki,Circularblur,10.0,Ziemniaki_circularBlur_10.png,PSNR,PSNR_skimage,19.431903358738623
Ziemniaki,Circularblur,10.0,Ziemniaki_circularBlur_10.png,UIQI,UIQI_torch,0.012
Ziemniaki,Circularblur,10.0,Ziemniaki_circularBlur_10.png,VIF,VIF_Torch,3.1262
Ziemniaki,Circularblur,2.0,Ziemniaki_circularBlur_2.png,LPIPS,LPIPS_lpips,0.20868787169456482
Ziemniaki,Circularblur,2.0,Ziemniaki_circularBlur_2.png,SSIM,SSIM_skimage,0.3837484046409738
Ziemniaki,Circularblur,2.0,Ziemniaki_circularBlur_2.png,PSNR,PSNR_skimage,21.282196471066225
Ziemniaki,Circularblur,2.0,Ziemniaki_circularBlur_2.png,UIQI,UIQI_torch,0.074
Ziemniaki,Circularblur,2.0,Ziemniaki_circularBlur_2.png,VIF,VIF_Torch,1.6348
Ziemniaki,Circularblur,3.0,Ziemniaki_circularBlur_3.png,LPIPS,LPIPS_lpips,0.28040453791618347
Ziemniaki,Circularblur,3.0,Ziemniaki_circularBlur_3.png,SSIM,SSIM_skimage,0.35961639719022803
Ziemniaki,Circularblur,3.0,Ziemniaki_circularBlur_3.png,PSNR,PSNR_skimage,20.758596679608846
Ziemniaki,Circularblur,3.0,Ziemniaki_circularBlur_3.png,UIQI,UIQI_torch,0.0488
Ziemniaki,Circularblur,3.0,Ziemniaki_circularBlur_3.png,VIF,VIF_Torch,1.8146
Ziemniaki,Circularblur,4.0,Ziemniaki_circularBlur_4.png,LPIPS,LPIPS_lpips,0.3302336037158966
Ziemniaki,Circularblur,4.0,Ziemniaki_circularBlur_4.png,SSIM,SSIM_skimage,0.34722569770191253
Ziemniaki,Circularblur,4.0,Ziemniaki_circularBlur_4.png,PSNR,PSNR_skimage,20.45281286901527
Ziemniaki,Circularblur,4.0,Ziemniaki_circularBlur_4.png,UIQI,UIQI_torch,0.0358
Ziemniaki,Circularblur,4.0,Ziemniaki_circularBlur_4.png,VIF,VIF_Torch,2.039
Ziemniaki,Circularblur,5.0,Ziemniaki_circularBlur_5.png,LPIPS,LPIPS_lpips,0.3642076253890991
Ziemniaki,Circularblur,5.0,Ziemniaki_circularBlur_5.png,SSIM,SSIM_skimage,0.3399368337209226
Ziemniaki,Circularblur,5.0,Ziemniaki_circularBlur_5.png,PSNR,PSNR_skimage,20.231256168174635
Ziemniaki,Circularblur,5.0,Ziemniaki_circularBlur_5.png,UIQI,UIQI_torch,0.0281
Ziemniaki,Circularblur,5.0,Ziemniaki_circularBlur_5.png,VIF,VIF_Torch,2.327
Ziemniaki,Circularblur,7.5,Ziemniaki_circularBlur_7.5.png,LPIPS,LPIPS_lpips,0.4247555732727051
Ziemniaki,Circularblur,7.5,Ziemniaki_circularBlur_7.5.png,SSIM,SSIM_skimage,0.3292115037618344
Ziemniaki,Circularblur,7.5,Ziemniaki_circularBlur_7.5.png,PSNR,PSNR_skimage,19.774494286254182
Ziemniaki,Circularblur,7.5,Ziemniaki_circularBlur_7.5.png,UIQI,UIQI_torch,0.017
Ziemniaki,Circularblur,7.5,Ziemniaki_circularBlur_7.5.png,VIF,VIF_Torch,2.6839
Ziemniaki,Dilation,0.0,Ziemniaki_dilation_0.bmp,LPIPS,LPIPS_lpips,0.0
Ziemniaki,Dilation,0.0,Ziemniaki_dilation_0.bmp,SSIM,SSIM_skimage,1.0
Ziemniaki,Dilation,0.0,Ziemniaki_dilation_0.bmp,PSNR,PSNR_skimage,inf
Ziemniaki,Dilation,0.0,Ziemniaki_dilation_0.bmp,UIQI,UIQI_torch,0.9818
Ziemniaki,Dilation,0.0,Ziemniaki_dilation_0.bmp,VIF,VIF_Torch,1.0
Ziemniaki,Dilation,1.0,Ziemniaki_dilation_1.png,LPIPS,LPIPS_lpips,0.03686273843050003
Ziemniaki,Dilation,1.0,Ziemniaki_dilation_1.png,SSIM,SSIM_skimage,0.7950704147349098
Ziemniaki,Dilation,1.0,Ziemniaki_dilation_1.png,PSNR,PSNR_skimage,22.581594722947244
Ziemniaki,Dilation,1.0,Ziemniaki_dilation_1.png,UIQI,UIQI_torch,0.4039
Ziemniaki,Dilation,1.0,Ziemniaki_dilation_1.png,VIF,VIF_Torch,0.898
Ziemniaki,Dilation,2.0,Ziemniaki_dilation_2.png,LPIPS,LPIPS_lpips,0.09623382240533829
Ziemniaki,Dilation,2.0,Ziemniaki_dilation_2.png,SSIM,SSIM_skimage,0.49856495122859606
Ziemniaki,Dilation,2.0,Ziemniaki_dilation_2.png,PSNR,PSNR_skimage,18.26454314421064
Ziemniaki,Dilation,2.0,Ziemniaki_dilation_2.png,UIQI,UIQI_torch,0.1094
Ziemniaki,Dilation,2.0,Ziemniaki_dilation_2.png,VIF,VIF_Torch,0.5444
Ziemniaki,Dilation,3.0,Ziemniaki_dilation_3.png,LPIPS,LPIPS_lpips,0.13451452553272247
Ziemniaki,Dilation,3.0,Ziemniaki_dilation_3.png,SSIM,SSIM_skimage,0.37046976159372563
Ziemniaki,Dilation,3.0,Ziemniaki_dilation_3.png,PSNR,PSNR_skimage,16.726181711728668
Ziemniaki,Dilation,3.0,Ziemniaki_dilation_3.png,UIQI,UIQI_torch,0.0375
Ziemniaki,Dilation,3.0,Ziemniaki_dilation_3.png,VIF,VIF_Torch,0.3695
Ziemniaki,Dilation,4.0,Ziemniaki_dilation_4.png,LPIPS,LPIPS_lpips,0.17132112383842468
Ziemniaki,Dilation,4.0,Ziemniaki_dilation_4.png,SSIM,SSIM_skimage,0.3037975965820388
Ziemniaki,Dilation,4.0,Ziemniaki_dilation_4.png,PSNR,PSNR_skimage,15.630197186213353
Ziemniaki,Dilation,4.0,Ziemniaki_dilation_4.png,UIQI,UIQI_torch,0.0135
Ziemniaki,Dilation,4.0,Ziemniaki_dilation_4.png,VIF,VIF_Torch,0.2799
Ziemniaki,Dilation,5.0,Ziemniaki_dilation_5.png,LPIPS,LPIPS_lpips,0.20371553301811218
Ziemniaki,Dilation,5.0,Ziemniaki_dilation_5.png,SSIM,SSIM_skimage,0.27374213908545325
Ziemniaki,Dilation,5.0,Ziemniaki_dilation_5.png,PSNR,PSNR_skimage,14.837748446249861
Ziemniaki,Dilation,5.0,Ziemniaki_dilation_5.png,UIQI,UIQI_torch,0.0065
Ziemniaki,Dilation,5.0,Ziemniaki_dilation_5.png,VIF,VIF_Torch,0.2331
Ziemniaki,Hole,0.0,Ziemniaki_hole_0.bmp,LPIPS,LPIPS_lpips,0.0
Ziemniaki,Hole,0.0,Ziemniaki_hole_0.bmp,SSIM,SSIM_skimage,1.0
Ziemniaki,Hole,0.0,Ziemniaki_hole_0.bmp,PSNR,PSNR_skimage,inf
Ziemniaki,Hole,0.0,Ziemniaki_hole_0.bmp,UIQI,UIQI_torch,0.9818
Ziemniaki,Hole,0.0,Ziemniaki_hole_0.bmp,VIF,VIF_Torch,1.0
Ziemniaki,Hole,0.01,Ziemniaki_hole_0_01.png,LPIPS,LPIPS_lpips,0.021286122500896454
Ziemniaki,Hole,0.01,Ziemniaki_hole_0_01.png,SSIM,SSIM_skimage,0.9998261091213322
Ziemniaki,Hole,0.01,Ziemniaki_hole_0_01.png,PSNR,PSNR_skimage,43.42841536329593
Ziemniaki,Hole,0.01,Ziemniaki_hole_0_01.png,UIQI,UIQI_torch,0.9816
Ziemniaki,Hole,0.01,Ziemniaki_hole_0_01.png,VIF,VIF_Torch,0.9984
Ziemniaki,Hole,0.05,Ziemniaki_hole_0_05.png,LPIPS,LPIPS_lpips,0.05509774386882782
Ziemniaki,Hole,0.05,Ziemniaki_hole_0_05.png,SSIM,SSIM_skimage,0.9963060261686268
Ziemniaki,Hole,0.05,Ziemniaki_hole_0_05.png,PSNR,PSNR_skimage,29.60317030448422
Ziemniaki,Hole,0.05,Ziemniaki_hole_0_05.png,UIQI,UIQI_torch,0.978
Ziemniaki,Hole,0.05,Ziemniaki_hole_0_05.png,VIF,VIF_Torch,0.9926
Ziemniaki,Hole,0.1,Ziemniaki_hole_0_1.png,LPIPS,LPIPS_lpips,0.08155962824821472
Ziemniaki,Hole,0.1,Ziemniaki_hole_0_1.png,SSIM,SSIM_skimage,0.9854291846031784
Ziemniaki,Hole,0.1,Ziemniaki_hole_0_1.png,PSNR,PSNR_skimage,23.734102233798847
Ziemniaki,Hole,0.1,Ziemniaki_hole_0_1.png,UIQI,UIQI_torch,0.9672
Ziemniaki,Hole,0.1,Ziemniaki_hole_0_1.png,VIF,VIF_Torch,0.986
Ziemniaki,Hole,0.15,Ziemniaki_hole_0_15.png,LPIPS,LPIPS_lpips,0.10567052662372589
Ziemniaki,Hole,0.15,Ziemniaki_hole_0_15.png,SSIM,SSIM_skimage,0.9673051849072497
Ziemniaki,Hole,0.15,Ziemniaki_hole_0_15.png,PSNR,PSNR_skimage,20.39422645940671
Ziemniaki,Hole,0.15,Ziemniaki_hole_0_15.png,UIQI,UIQI_torch,0.9491
Ziemniaki,Hole,0.15,Ziemniaki_hole_0_15.png,VIF,VIF_Torch,0.9795
Ziemniaki,Hole,0.2,Ziemniaki_hole_0_2.png,LPIPS,LPIPS_lpips,0.13486362993717194
Ziemniaki,Hole,0.2,Ziemniaki_hole_0_2.png,SSIM,SSIM_skimage,0.942027852797113
Ziemniaki,Hole,0.2,Ziemniaki_hole_0_2.png,PSNR,PSNR_skimage,18.059867684981135
Ziemniaki,Hole,0.2,Ziemniaki_hole_0_2.png,UIQI,UIQI_torch,0.9239
Ziemniaki,Hole,0.2,Ziemniaki_hole_0_2.png,VIF,VIF_Torch,0.9729
Ziemniaki,Hole,0.3,Ziemniaki_hole_0_3.png,LPIPS,LPIPS_lpips,0.21597051620483398
Ziemniaki,Hole,0.3,Ziemniaki_hole_0_3.png,SSIM,SSIM_skimage,0.8703718208834311
Ziemniaki,Hole,0.3,Ziemniaki_hole_0_3.png,PSNR,PSNR_skimage,14.44076572740065
Ziemniaki,Hole,0.3,Ziemniaki_hole_0_3.png,UIQI,UIQI_torch,0.8529
Ziemniaki,Hole,0.3,Ziemniaki_hole_0_3.png,VIF,VIF_Torch,0.9533
Ziemniaki,Hole,0.4,Ziemniaki_hole_0_4.png,LPIPS,LPIPS_lpips,0.30080920457839966
Ziemniaki,Hole,0.4,Ziemniaki_hole_0_4.png,SSIM,SSIM_skimage,0.7696802098784025
Ziemniaki,Hole,0.4,Ziemniaki_hole_0_4.png,PSNR,PSNR_skimage,12.039670760535238
Ziemniaki,Hole,0.4,Ziemniaki_hole_0_4.png,UIQI,UIQI_torch,0.7534
Ziemniaki,Hole,0.4,Ziemniaki_hole_0_4.png,VIF,VIF_Torch,0.9393
Ziemniaki,Noise,0.0,Ziemniaki_noise_0.bmp,LPIPS,LPIPS_lpips,0.0
Ziemniaki,Noise,0.0,Ziemniaki_noise_0.bmp,SSIM,SSIM_skimage,1.0
Ziemniaki,Noise,0.0,Ziemniaki_noise_0.bmp,PSNR,PSNR_skimage,inf
Ziemniaki,Noise,0.0,Ziemniaki_noise_0.bmp,UIQI,UIQI_torch,0.9818
Ziemniaki,Noise,0.0,Ziemniaki_noise_0.bmp,VIF,VIF_Torch,1.0
Ziemniaki,Noise,1.0,Ziemniaki_noise_1.png,LPIPS,LPIPS_lpips,0.00023469849838875234
Ziemniaki,Noise,1.0,Ziemniaki_noise_1.png,SSIM,SSIM_skimage,0.9957912442584179
Ziemniaki,Noise,1.0,Ziemniaki_noise_1.png,PSNR,PSNR_skimage,46.881680608862204
Ziemniaki,Noise,1.0,Ziemniaki_noise_1.png,UIQI,UIQI_torch,0.9326
Ziemniaki,Noise,1.0,Ziemniaki_noise_1.png,VIF,VIF_Torch,0.9955
Ziemniaki,Noise,10.0,Ziemniaki_noise_10.png,LPIPS,LPIPS_lpips,0.0007736426778137684
Ziemniaki,Noise,10.0,Ziemniaki_noise_10.png,SSIM,SSIM_skimage,0.7715784598329057
Ziemniaki,Noise,10.0,Ziemniaki_noise_10.png,PSNR,PSNR_skimage,28.12309466033938
Ziemniaki,Noise,10.0,Ziemniaki_noise_10.png,UIQI,UIQI_torch,0.6274
Ziemniaki,Noise,10.0,Ziemniaki_noise_10.png,VIF,VIF_Torch,0.7083
Ziemniaki,Noise,2.0,Ziemniaki_noise_2.png,LPIPS,LPIPS_lpips,0.00024041860888246447
Ziemniaki,Noise,2.0,Ziemniaki_noise_2.png,SSIM,SSIM_skimage,0.9845650075509328
Ziemniaki,Noise,2.0,Ziemniaki_noise_2.png,PSNR,PSNR_skimage,41.76191525730864
Ziemniaki,Noise,2.0,Ziemniaki_noise_2.png,UIQI,UIQI_torch,0.9018
Ziemniaki,Noise,2.0,Ziemniaki_noise_2.png,VIF,VIF_Torch,0.9834
Ziemniaki,Noise,20.0,Ziemniaki_noise_20.png,LPIPS,LPIPS_lpips,0.003671804675832391
Ziemniaki,Noise,20.0,Ziemniaki_noise_20.png,SSIM,SSIM_skimage,0.5270409029608417
Ziemniaki,Noise,20.0,Ziemniaki_noise_20.png,PSNR,PSNR_skimage,22.153986041400092
Ziemniaki,Noise,20.0,Ziemniaki_noise_20.png,UIQI,UIQI_torch,0.3883
Ziemniaki,Noise,20.0,Ziemniaki_noise_20.png,VIF,VIF_Torch,0.3552
Ziemniaki,Noise,35.0,Ziemniaki_noise_35.png,LPIPS,LPIPS_lpips,0.014834409579634666
Ziemniaki,Noise,35.0,Ziemniaki_noise_35.png,SSIM,SSIM_skimage,0.3169354994930415
Ziemniaki,Noise,35.0,Ziemniaki_noise_35.png,PSNR,PSNR_skimage,17.436681116029305
Ziemniaki,Noise,35.0,Ziemniaki_noise_35.png,UIQI,UIQI_torch,0.208
Ziemniaki,Noise,35.0,Ziemniaki_noise_35.png,VIF,VIF_Torch,0.1259
Ziemniaki,Noise,5.0,Ziemniaki_noise_5.png,LPIPS,LPIPS_lpips,0.00026543097919784486
Ziemniaki,Noise,5.0,Ziemniaki_noise_5.png,SSIM,SSIM_skimage,0.9186115675384481
Ziemniaki,Noise,5.0,Ziemniaki_noise_5.png,PSNR,PSNR_skimage,34.09351296288183
Ziemniaki,Noise,5.0,Ziemniaki_noise_5.png,UIQI,UIQI_torch,0.7987
Ziemniaki,Noise,5.0,Ziemniaki_noise_5.png,VIF,VIF_Torch,0.9069
Ziemniaki,Noise,50.0,Ziemniaki_noise_50.png,LPIPS,LPIPS_lpips,0.03033701330423355
Ziemniaki,Noise,50.0,Ziemniaki_noise_50.png,SSIM,SSIM_skimage,0.2084627083579107
Ziemniaki,Noise,50.0,Ziemniaki_noise_50.png,PSNR,PSNR_skimage,14.581779942979736
Ziemniaki,Noise,50.0,Ziemniaki_noise_50.png,UIQI,UIQI_torch,0.1242
Ziemniaki,Noise,50.0,Ziemniaki_noise_50.png,VIF,VIF_Torch,0.0543
Ziemniaki,Rotate,0.0,Ziemniaki_rotate_0.bmp,LPIPS,LPIPS_lpips,0.0
Ziemniaki,Rotate,0.0,Ziemniaki_rotate_0.bmp,SSIM,SSIM_skimage,1.0
Ziemniaki,Rotate,0.0,Ziemniaki_rotate_0.bmp,PSNR,PSNR_skimage,inf
Ziemniaki,Rotate,0.0,Ziemniaki_rotate_0.bmp,UIQI,UIQI_torch,0.9818
Ziemniaki,Rotate,0.0,Ziemniaki_rotate_0.bmp,VIF,VIF_Torch,1.0
Ziemniaki,Rotate,1.0,Ziemniaki_rotate_1.png,LPIPS,LPIPS_lpips,0.08810064196586609
Ziemniaki,Rotate,1.0,Ziemniaki_rotate_1.png,SSIM,SSIM_skimage,0.1965502991533404
Ziemniaki,Rotate,1.0,Ziemniaki_rotate_1.png,PSNR,PSNR_skimage,16.445010004516597
Ziemniaki,Rotate,1.0,Ziemniaki_rotate_1.png,UIQI,UIQI_torch,0.0094
Ziemniaki,Rotate,1.0,Ziemniaki_rotate_1.png,VIF,VIF_Torch,0.0474
Ziemniaki,Rotate,10.0,Ziemniaki_rotate_10.png,LPIPS,LPIPS_lpips,0.3449961543083191
Ziemniaki,Rotate,10.0,Ziemniaki_rotate_10.png,SSIM,SSIM_skimage,0.14646731470729946
Ziemniaki,Rotate,10.0,Ziemniaki_rotate_10.png,PSNR,PSNR_skimage,11.765547299036058
Ziemniaki,Rotate,10.0,Ziemniaki_rotate_10.png,UIQI,UIQI_torch,0.0053
Ziemniaki,Rotate,10.0,Ziemniaki_rotate_10.png,VIF,VIF_Torch,0.0321
Ziemniaki,Rotate,15.0,Ziemniaki_rotate_15.png,LPIPS,LPIPS_lpips,0.42918646335601807
Ziemniaki,Rotate,15.0,Ziemniaki_rotate_15.png,SSIM,SSIM_skimage,0.13349865523289758
Ziemniaki,Rotate,15.0,Ziemniaki_rotate_15.png,PSNR,PSNR_skimage,10.859163003130735
Ziemniaki,Rotate,15.0,Ziemniaki_rotate_15.png,UIQI,UIQI_torch,0.0047
Ziemniaki,Rotate,15.0,Ziemniaki_rotate_15.png,VIF,VIF_Torch,0.0312
Ziemniaki,Rotate,2.0,Ziemniaki_rotate_2.png,LPIPS,LPIPS_lpips,0.13518941402435303
Ziemniaki,Rotate,2.0,Ziemniaki_rotate_2.png,SSIM,SSIM_skimage,0.18596028851367452
Ziemniaki,Rotate,2.0,Ziemniaki_rotate_2.png,PSNR,PSNR_skimage,15.342188339211766
Ziemniaki,Rotate,2.0,Ziemniaki_rotate_2.png,UIQI,UIQI_torch,0.0073
Ziemniaki,Rotate,2.0,Ziemniaki_rotate_2.png,VIF,VIF_Torch,0.0441
Ziemniaki,Rotate,20.0,Ziemniaki_rotate_20.png,LPIPS,LPIPS_lpips,0.49308276176452637
Ziemniaki,Rotate,20.0,Ziemniaki_rotate_20.png,SSIM,SSIM_skimage,0.12197380866668166
Ziemniaki,Rotate,20.0,Ziemniaki_rotate_20.png,PSNR,PSNR_skimage,10.156673151778332
Ziemniaki,Rotate,20.0,Ziemniaki_rotate_20.png,UIQI,UIQI_torch,0.0041
Ziemniaki,Rotate,20.0,Ziemniaki_rotate_20.png,VIF,VIF_Torch,0.0307
Ziemniaki,Rotate,3.0,Ziemniaki_rotate_3.png,LPIPS,LPIPS_lpips,0.16849204897880554
Ziemniaki,Rotate,3.0,Ziemniaki_rotate_3.png,SSIM,SSIM_skimage,0.17654676112781198
Ziemniaki,Rotate,3.0,Ziemniaki_rotate_3.png,PSNR,PSNR_skimage,14.486644327936474
Ziemniaki,Rotate,3.0,Ziemniaki_rotate_3.png,UIQI,UIQI_torch,0.0054
Ziemniaki,Rotate,3.0,Ziemniaki_rotate_3.png,VIF,VIF_Torch,0.0371
Ziemniaki,Rotate,35.0,Ziemniaki_rotate_35.png,LPIPS,LPIPS_lpips,0.6310690641403198
Ziemniaki,Rotate,35.0,Ziemniaki_rotate_35.png,SSIM,SSIM_skimage,0.09887981527860921
Ziemniaki,Rotate,35.0,Ziemniaki_rotate_35.png,PSNR,PSNR_skimage,8.886275047427741
Ziemniaki,Rotate,35.0,Ziemniaki_rotate_35.png,UIQI,UIQI_torch,0.0029
Ziemniaki,Rotate,35.0,Ziemniaki_rotate_35.png,VIF,VIF_Torch,0.0279
Ziemniaki,Rotate,5.0,Ziemniaki_rotate_5.png,LPIPS,LPIPS_lpips,0.23000425100326538
Ziemniaki,Rotate,5.0,Ziemniaki_rotate_5.png,SSIM,SSIM_skimage,0.16738600041995855
Ziemniaki,Rotate,5.0,Ziemniaki_rotate_5.png,PSNR,PSNR_skimage,13.370617499530614
Ziemniaki,Rotate,5.0,Ziemniaki_rotate_5.png,UIQI,UIQI_torch,0.0056
Ziemniaki,Rotate,5.0,Ziemniaki_rotate_5.png,VIF,VIF_Torch,0.0381
Ziemniaki,Saturation,0.0,Ziemniaki_saturation_0.bmp,LPIPS,LPIPS_lpips,0.0
Ziemniaki,Saturation,0.0,Ziemniaki_saturation_0.bmp,SSIM,SSIM_skimage,1.0
Ziemniaki,Saturation,0.0,Ziemniaki_saturation_0.bmp,PSNR,PSNR_skimage,inf
Ziemniaki,Saturation,0.0,Ziemniaki_saturation_0.bmp,UIQI,UIQI_torch,0.9818
Ziemniaki,Saturation,0.0,Ziemniaki_saturation_0.bmp,VIF,VIF_Torch,1.0
Ziemniaki,Saturation,1.05,Ziemniaki_saturation_1_05.png,LPIPS,LPIPS_lpips,0.0002582180895842612
Ziemniaki,Saturation,1.05,Ziemniaki_saturation_1_05.png,SSIM,SSIM_skimage,0.9999529754747686
Ziemniaki,Saturation,1.05,Ziemniaki_saturation_1_05.png,PSNR,PSNR_skimage,55.8567012012691
Ziemniaki,Saturation,1.05,Ziemniaki_saturation_1_05.png,UIQI,UIQI_torch,0.9793
Ziemniaki,Saturation,1.05,Ziemniaki_saturation_1_05.png,VIF,VIF_Torch,0.9995
Ziemniaki,Saturation,1.1,Ziemniaki_saturation_1_1.png,LPIPS,LPIPS_lpips,0.0012827900936827064
Ziemniaki,Saturation,1.1,Ziemniaki_saturation_1_1.png,SSIM,SSIM_skimage,0.9998721865883402
Ziemniaki,Saturation,1.1,Ziemniaki_saturation_1_1.png,PSNR,PSNR_skimage,49.394018050826
Ziemniaki,Saturation,1.1,Ziemniaki_saturation_1_1.png,UIQI,UIQI_torch,0.9767
Ziemniaki,Saturation,1.1,Ziemniaki_saturation_1_1.png,VIF,VIF_Torch,0.9987
Ziemniaki,Saturation,1.15,Ziemniaki_saturation_1_15.png,LPIPS,LPIPS_lpips,0.002778309164568782
Ziemniaki,Saturation,1.15,Ziemniaki_saturation_1_15.png,SSIM,SSIM_skimage,0.9997381151779422
Ziemniaki,Saturation,1.15,Ziemniaki_saturation_1_15.png,PSNR,PSNR_skimage,45.966594160820975
Ziemniaki,Saturation,1.15,Ziemniaki_saturation_1_15.png,UIQI,UIQI_torch,0.9712
Ziemniaki,Saturation,1.15,Ziemniaki_saturation_1_15.png,VIF,VIF_Torch,0.9977
Ziemniaki,Saturation,1.2,Ziemniaki_saturation_1_2.png,LPIPS,LPIPS_lpips,0.0044996836222708225
Ziemniaki,Saturation,1.2,Ziemniaki_saturation_1_2.png,SSIM,SSIM_skimage,0.9995503476241009
Ziemniaki,Saturation,1.2,Ziemniaki_saturation_1_2.png,PSNR,PSNR_skimage,43.31650891659307
Ziemniaki,Saturation,1.2,Ziemniaki_saturation_1_2.png,UIQI,UIQI_torch,0.9674
Ziemniaki,Saturation,1.2,Ziemniaki_saturation_1_2.png,VIF,VIF_Torch,0.9965
Ziemniaki,Saturation,1.5,Ziemniaki_saturation_1_5.png,LPIPS,LPIPS_lpips,0.025117745622992516
Ziemniaki,Saturation,1.5,Ziemniaki_saturation_1_5.png,SSIM,SSIM_skimage,0.9964723112934059
Ziemniaki,Saturation,1.5,Ziemniaki_saturation_1_5.png,PSNR,PSNR_skimage,34.28480650481732
Ziemniaki,Saturation,1.5,Ziemniaki_saturation_1_5.png,UIQI,UIQI_torch,0.9397
Ziemniaki,Saturation,1.5,Ziemniaki_saturation_1_5.png,VIF,VIF_Torch,0.9846
Ziemniaki,Saturation,2.0,Ziemniaki_saturation_2.png,LPIPS,LPIPS_lpips,0.07152651995420456
Ziemniaki,Saturation,2.0,Ziemniaki_saturation_2.png,SSIM,SSIM_skimage,0.9829270207031428
Ziemniaki,Saturation,2.0,Ziemniaki_saturation_2.png,PSNR,PSNR_skimage,27.731919386655377
Ziemniaki,Saturation,2.0,Ziemniaki_saturation_2.png,UIQI,UIQI_torch,0.8901
Ziemniaki,Saturation,2.0,Ziemniaki_saturation_2.png,VIF,VIF_Torch,0.964
Ziemniaki,Shift,0.0,Ziemniaki_shift_0.bmp,LPIPS,LPIPS_lpips,0.0
Ziemniaki,Shift,0.0,Ziemniaki_shift_0.bmp,SSIM,SSIM_skimage,1.0
Ziemniaki,Shift,0.0,Ziemniaki_shift_0.bmp,PSNR,PSNR_skimage,inf
Ziemniaki,Shift,0.0,Ziemniaki_shift_0.bmp,UIQI,UIQI_torch,0.9818
Ziemniaki,Shift,0.0,Ziemniaki_shift_0.bmp,VIF,VIF_Torch,1.0
Ziemniaki,Shift,0.01,Ziemniaki_shift_0_01.png,LPIPS,LPIPS_lpips,0.08121933788061142
Ziemniaki,Shift,0.01,Ziemniaki_shift_0_01.png,SSIM,SSIM_skimage,0.20446242421092975
Ziemniaki,Shift,0.01,Ziemniaki_shift_0_01.png,PSNR,PSNR_skimage,16.90108654962441
Ziemniaki,Shift,0.01,Ziemniaki_shift_0_01.png,UIQI,UIQI_torch,0.0127
Ziemniaki,Shift,0.01,Ziemniaki_shift_0_01.png,VIF,VIF_Torch,0.0672
Ziemniaki,Shift,0.02,Ziemniaki_shift_0_02.png,LPIPS,LPIPS_lpips,0.10554926097393036
Ziemniaki,Shift,0.02,Ziemniaki_shift_0_02.png,SSIM,SSIM_skimage,0.18797641457684153
Ziemniaki,Shift,0.02,Ziemniaki_shift_0_02.png,PSNR,PSNR_skimage,15.88446035148558
Ziemniaki,Shift,0.02,Ziemniaki_shift_0_02.png,UIQI,UIQI_torch,0.0104
Ziemniaki,Shift,0.02,Ziemniaki_shift_0_02.png,VIF,VIF_Torch,0.0528
Ziemniaki,Shift,0.05,Ziemniaki_shift_0_05.png,LPIPS,LPIPS_lpips,0.18881464004516602
Ziemniaki,Shift,0.05,Ziemniaki_shift_0_05.png,SSIM,SSIM_skimage,0.17388181796823807
Ziemniaki,Shift,0.05,Ziemniaki_shift_0_05.png,PSNR,PSNR_skimage,14.028857131692554
Ziemniaki,Shift,0.05,Ziemniaki_shift_0_05.png,UIQI,UIQI_torch,0.007
Ziemniaki,Shift,0.05,Ziemniaki_shift_0_05.png,VIF,VIF_Torch,0.0402
Ziemniaki,Shift,0.1,Ziemniaki_shift_0_1.png,LPIPS,LPIPS_lpips,0.3085167407989502
Ziemniaki,Shift,0.1,Ziemniaki_shift_0_1.png,SSIM,SSIM_skimage,0.1583499166748712
Ziemniaki,Shift,0.1,Ziemniaki_shift_0_1.png,PSNR,PSNR_skimage,12.27162160165177
Ziemniaki,Shift,0.1,Ziemniaki_shift_0_1.png,UIQI,UIQI_torch,0.0058
Ziemniaki,Shift,0.1,Ziemniaki_shift_0_1.png,VIF,VIF_Torch,0.0374
Ziemniaki,Shift,0.2,Ziemniaki_shift_0_2.png,LPIPS,LPIPS_lpips,0.45816856622695923
Ziemniaki,Shift,0.2,Ziemniaki_shift_0_2.png,SSIM,SSIM_skimage,0.13148133928219066
Ziemniaki,Shift,0.2,Ziemniaki_shift_0_2.png,PSNR,PSNR_skimage,10.538220759336381
Ziemniaki,Shift,0.2,Ziemniaki_shift_0_2.png,UIQI,UIQI_torch,0.004
Ziemniaki,Shift,0.2,Ziemniaki_shift_0_2.png,VIF,VIF_Torch,0.031
Ziemniaki,Shift,0.3,Ziemniaki_shift_0_3.png,LPIPS,LPIPS_lpips,0.5595297813415527
Ziemniaki,Shift,0.3,Ziemniaki_shift_0_3.png,SSIM,SSIM_skimage,0.11065572463535818
Ziemniaki,Shift,0.3,Ziemniaki_shift_0_3.png,PSNR,PSNR_skimage,9.45334036841145
Ziemniaki,Shift,0.3,Ziemniaki_shift_0_3.png,UIQI,UIQI_torch,0.0038
Ziemniaki,Shift,0.3,Ziemniaki_shift_0_3.png,VIF,VIF_Torch,0.0283
